observationID,mediaID,observationType,cameraSetupType,taxonID,scientificName,count,lifeStage,sex,behavior,individualID,individualPositionRadius,individualPositionAngle,classificationMethod,classifiedBy,classificationTimestamp,classificationProbability,observationTags,observationComments
07840dcc-0d99-4ab4-973b-7e4a8e20b56d_1,07840dcc-0d99-4ab4-973b-7e4a8e20b56d,animal,,DGP6,Anas platyrhynchos,1,adult,female,,,,,human,Peter Desmet,,,,
401386c7-cc7a-46e5-9160-48c6158624a3_1,401386c7-cc7a-46e5-9160-48c6158624a3,animal,,DGP6,Anas platyrhynchos,1,adult,female,,,,,human,Peter Desmet,,,,
ca3ff293-89a4-425d-a853-5572837c5b83_1,ca3ff293-89a4-425d-a853-5572837c5b83,animal,,DGP6,Anas platyrhynchos,1,adult,female,,,,,human,Peter Desmet,,,,
e8b8e44c-491c-45d2-8928-aa5996c07584_1,e8b8e44c-491c-45d2-8928-aa5996c07584,animal,,DGP6,Anas platyrhynchos,1,adult,female,,,,,human,Peter Desmet,,,,
b8690a15-652a-4f08-9562-1797671410b8_1,b8690a15-652a-4f08-9562-1797671410b8,animal,,DGP6,Anas platyrhynchos,1,adult,female,,,,,human,Peter Desmet,,,,
64734615-ccaf-4c48-b63e-d7b07bdc6d39_1,64734615-ccaf-4c48-b63e-d7b07bdc6d39,animal,,DGP6,Anas platyrhynchos,1,adult,female,,,,,human,Peter Desmet,,,,
12ce5004-9427-41ff-bcba-99b09c716e81_1,12ce5004-9427-41ff-bcba-99b09c716e81,animal,,DGP6,Anas platyrhynchos,1,adult,female,,,,,human,Peter Desmet,,,,
f372acaf-1d46-4244-8edf-5f804da1e092_1,f372acaf-1d46-4244-8edf-5f804da1e092,animal,,DGP6,Anas platyrhynchos,1,adult,female,,,,,human,Peter Desmet,,,,
97140835-6245-4adb-b84d-af09045389cf_1,97140835-6245-4adb-b84d-af09045389cf,animal,,DGP6,Anas platyrhynchos,1,adult,female,,,,,human,Peter Desmet,,,,
d1326349-76fd-4e83-a20c-a7994e4c0da2_1,d1326349-76fd-4e83-a20c-a7994e4c0da2,animal,,DGP6,Anas platyrhynchos,1,adult,female,,,,,human,Peter Desmet,,,,
017e3d07-3e6c-45a2-adbd-e7308c74f656_1,017e3d07-3e6c-45a2-adbd-e7308c74f656,animal,,DGP6,Anas platyrhynchos,2,adult,female,,,,,human,Peter Desmet,,,,
e82ea167-73a2-4cd3-a819-9d94a206a75f_1,e82ea167-73a2-4cd3-a819-9d94a206a75f,animal,,DGP6,Anas platyrhynchos,2,adult,female,,,,,human,Peter Desmet,,,,
8aab9351-ccf3-499a-bf1a-8f98a3957b0f_1,8aab9351-ccf3-499a-bf1a-8f98a3957b0f,animal,,DGP6,Anas platyrhynchos,1,adult,female,,,,,human,Peter Desmet,,,,
dd543fc8-8bf8-4a85-a026-1469367cb7f8_1,dd543fc8-8bf8-4a85-a026-1469367cb7f8,animal,,DGP6,Anas platyrhynchos,1,adult,female,,,,,human,Peter Desmet,,,,
6affb228-efd9-4327-acbf-fdc5cf8c8816_1,6affb228-efd9-4327-acbf-fdc5cf8c8816,animal,,DGP6,Anas platyrhynchos,1,adult,female,,,,,human,Peter Desmet,,,,
ef3afb3b-b922-4347-ad0d-125c20c3d822_1,ef3afb3b-b922-4347-ad0d-125c20c3d822,animal,,DGP6,Anas platyrhynchos,1,adult,female,,,,,human,Peter Desmet,,,,
29aef5c3-20a6-4701-9027-8b04c620cda0_1,29aef5c3-20a6-4701-9027-8b04c620cda0,blank,,,,,,,,,,,human,Peter Desmet,,,,
200e99c0-692e-46f2-aa44-7f7dc599757a_1,200e99c0-692e-46f2-aa44-7f7dc599757a,blank,,,,,,,,,,,human,Peter Desmet,,,,
97b70ded-6f6b-480c-b386-b6d11f045907_1,97b70ded-6f6b-480c-b386-b6d11f045907,blank,,,,,,,,,,,human,Peter Desmet,,,,
bbd0d520-665a-48f0-8c3a-f176b1d52076_1,bbd0d520-665a-48f0-8c3a-f176b1d52076,animal,,DGP6,Anas platyrhynchos,1,adult,female,,,,,human,Peter Desmet,,,,
75e6d1df-1ede-4ca7-a8b0-9cda64493f4d_1,75e6d1df-1ede-4ca7-a8b0-9cda64493f4d,animal,,4RM67,Rattus norvegicus,1,,,,,,,human,Peter Desmet,,,,
948c2184-a964-494c-8416-ea08827697ba_1,948c2184-a964-494c-8416-ea08827697ba,animal,,4RM67,Rattus norvegicus,1,,,,,,,human,Peter Desmet,,,,
8f0c5a8c-69c9-48f3-99b0-46ebe858643f_1,8f0c5a8c-69c9-48f3-99b0-46ebe858643f,animal,,4RM67,Rattus norvegicus,1,,,,,,,human,Peter Desmet,,,,
50d30a87-67ce-4eab-a3b5-c3b7db3aaebb_1,50d30a87-67ce-4eab-a3b5-c3b7db3aaebb,animal,,4RM67,Rattus norvegicus,1,,,,,,,human,Peter Desmet,,,,
bdd7481f-b49b-4847-9799-1db990b76dd9_1,bdd7481f-b49b-4847-9799-1db990b76dd9,animal,,4RM67,Rattus norvegicus,1,,,,,,,human,Peter Desmet,,,,
c459b1f0-390b-41d0-9380-2eddb2f82f7b_1,c459b1f0-390b-41d0-9380-2eddb2f82f7b,animal,,4RM67,Rattus norvegicus,1,,,,,,,human,Peter Desmet,,,,
dbf41369-46b8-4b48-a253-67537f5245f5_1,dbf41369-46b8-4b48-a253-67537f5245f5,animal,,4RM67,Rattus norvegicus,1,,,,,,,human,Peter Desmet,,,,
bdfc4e2d-ee5c-413d-8d86-5b5a2ebc6e28_1,bdfc4e2d-ee5c-413d-8d86-5b5a2ebc6e28,animal,,4RM67,Rattus norvegicus,1,,,,,,,human,Peter Desmet,,,,
7a1ac372-9cc4-4ca6-8939-69a9ac7ae028_1,7a1ac372-9cc4-4ca6-8939-69a9ac7ae028,animal,,4RM67,Rattus norvegicus,1,,,,,,,human,Peter Desmet,,,,
6528fd34-2d9d-4d58-af5c-04877db1599b_1,6528fd34-2d9d-4d58-af5c-04877db1599b,animal,,4RM67,Rattus norvegicus,1,,,,,,,human,Peter Desmet,,,,
dafafac8-d3dd-468b-93f1-34837d13ee88_1,dafafac8-d3dd-468b-93f1-34837d13ee88,blank,,,,,,,,,,,human,Peter Desmet,,,,
45ddded1-efeb-4d11-b948-bcfa46cb5c06_1,45ddded1-efeb-4d11-b948-bcfa46cb5c06,blank,,,,,,,,,,,human,Peter Desmet,,,,
998bdc6a-6655-4d36-af11-215bbf54b4db_1,998bdc6a-6655-4d36-af11-215bbf54b4db,blank,,,,,,,,,,,human,Peter Desmet,,,,
3348ffed-1ddb-4e90-95fa-af2a140f3c6a_1,3348ffed-1ddb-4e90-95fa-af2a140f3c6a,blank,,,,,,,,,,,human,Peter Desmet,,,,
4d6cd9b6-2505-4a4d-b8f9-b00f8033eb8a_1,4d6cd9b6-2505-4a4d-b8f9-b00f8033eb8a,blank,,,,,,,,,,,human,Peter Desmet,,,,
de1a05d2-7a5f-4d01-9fe2-a302d41f09ee_1,de1a05d2-7a5f-4d01-9fe2-a302d41f09ee,blank,,,,,,,,,,,human,Peter Desmet,,,,
d7841986-8a59-4a70-b476-ea8e1001a581_1,d7841986-8a59-4a70-b476-ea8e1001a581,blank,,,,,,,,,,,human,Peter Desmet,,,,
9447bae7-66fe-400c-8e90-8b8f0e30f3e3_1,9447bae7-66fe-400c-8e90-8b8f0e30f3e3,blank,,,,,,,,,,,human,Peter Desmet,,,,
33b63cf8-ef7d-4357-8c58-9375415fe27d_1,33b63cf8-ef7d-4357-8c58-9375415fe27d,blank,,,,,,,,,,,human,Peter Desmet,,,,
c07290d8-a82e-40ed-a2f7-9ffbf8791100_1,c07290d8-a82e-40ed-a2f7-9ffbf8791100,blank,,,,,,,,,,,human,Peter Desmet,,,,
8e7f37f4-5717-47a2-b050-ef7879880fd5_1,8e7f37f4-5717-47a2-b050-ef7879880fd5,animal,,4RM67,Rattus norvegicus,1,,,,,,,human,Peter Desmet,,,,
1f1217b7-cf4d-42aa-92c8-ace42ffc1d8f_1,1f1217b7-cf4d-42aa-92c8-ace42ffc1d8f,animal,,4RM67,Rattus norvegicus,1,,,,,,,human,Peter Desmet,,,,
1640ad29-e2cb-43cc-8cd6-c1ef2ffaadd7_1,1640ad29-e2cb-43cc-8cd6-c1ef2ffaadd7,animal,,4RM67,Rattus norvegicus,1,,,,,,,human,Peter Desmet,,,,
f633bdc2-745a-46bd-975c-b7ba563dd26d_1,f633bdc2-745a-46bd-975c-b7ba563dd26d,animal,,4RM67,Rattus norvegicus,1,,,,,,,human,Peter Desmet,,,,
209dc64d-d1c7-4649-b8a2-9e09654022d8_1,209dc64d-d1c7-4649-b8a2-9e09654022d8,animal,,4RM67,Rattus norvegicus,1,,,,,,,human,Peter Desmet,,,,
87cb0fcb-1530-47ca-87f2-4d64573dec80_1,87cb0fcb-1530-47ca-87f2-4d64573dec80,blank,,,,,,,,,,,human,Peter Desmet,,,,
3868adcc-7460-461d-abad-f5da0f8903ab_1,3868adcc-7460-461d-abad-f5da0f8903ab,blank,,,,,,,,,,,human,Peter Desmet,,,,
690535a6-6625-4d05-8732-d7a59e9f91ea_1,690535a6-6625-4d05-8732-d7a59e9f91ea,animal,,4RM67,Rattus norvegicus,1,,,,,,,human,Peter Desmet,,,,
b6fa4933-572b-42ee-b76d-0e7c45337c73_1,b6fa4933-572b-42ee-b76d-0e7c45337c73,animal,,4RM67,Rattus norvegicus,1,,,,,,,human,Peter Desmet,,,,
f418bc6c-0b8e-4d6a-a00e-3b74b562e2d1_1,f418bc6c-0b8e-4d6a-a00e-3b74b562e2d1,animal,,4RM67,Rattus norvegicus,1,,,,,,,human,Peter Desmet,,,,
6f8b7649-0964-490f-ac94-d4297bda9156_1,6f8b7649-0964-490f-ac94-d4297bda9156,blank,,,,,,,,,,,human,Peter Desmet,,,,
b14ddd01-88cc-4275-8c14-cad2d604d52e_1,b14ddd01-88cc-4275-8c14-cad2d604d52e,blank,,,,,,,,,,,human,Peter Desmet,,,,
d9ece6b1-a9e4-4e57-891c-66400c95a31f_1,d9ece6b1-a9e4-4e57-891c-66400c95a31f,blank,,,,,,,,,,,human,Peter Desmet,,,,
82d92d53-0a39-4d5d-9bac-ee9658d04d15_1,82d92d53-0a39-4d5d-9bac-ee9658d04d15,blank,,,,,,,,,,,human,Peter Desmet,,,,
c809222e-ef7a-4501-a968-30e808837b9e_1,c809222e-ef7a-4501-a968-30e808837b9e,blank,,,,,,,,,,,human,Peter Desmet,,,,
d764dd29-fbc9-40ac-8164-15e68330b981_1,d764dd29-fbc9-40ac-8164-15e68330b981,blank,,,,,,,,,,,human,Peter Desmet,,,,
930275a5-b0f3-4a17-9b7a-e08b155cb664_1,930275a5-b0f3-4a17-9b7a-e08b155cb664,blank,,,,,,,,,,,human,Peter Desmet,,,,
b090ecb5-f02c-4fe8-960c-6164c2414b12_1,b090ecb5-f02c-4fe8-960c-6164c2414b12,blank,,,,,,,,,,,human,Peter Desmet,,,,
44122af3-7aa9-4ecc-adf8-052754c9bad7_1,44122af3-7aa9-4ecc-adf8-052754c9bad7,blank,,,,,,,,,,,human,Peter Desmet,,,,
35c804f5-b733-473c-b892-cbcaa3756329_1,35c804f5-b733-473c-b892-cbcaa3756329,blank,,,,,,,,,,,human,Peter Desmet,,,,
e43ed570-1af7-456d-845a-ff1bca289952_1,e43ed570-1af7-456d-845a-ff1bca289952,blank,,,,,,,,,,,human,Peter Desmet,,,,
89bb0355-5a00-4e20-815b-454855f9b8cc_1,89bb0355-5a00-4e20-815b-454855f9b8cc,blank,,,,,,,,,,,human,Peter Desmet,,,,
6aa925c4-7877-4e71-822b-d0a8da1ba1e6_1,6aa925c4-7877-4e71-822b-d0a8da1ba1e6,blank,,,,,,,,,,,human,Peter Desmet,,,,
131f5288-54d7-4e60-837c-f6a3d3ff02c0_1,131f5288-54d7-4e60-837c-f6a3d3ff02c0,blank,,,,,,,,,,,human,Peter Desmet,,,,
a4c9b59d-c382-40e0-9042-3406cfb5253f_1,a4c9b59d-c382-40e0-9042-3406cfb5253f,blank,,,,,,,,,,,human,Peter Desmet,,,,
d3494c50-c34a-4c55-8031-e07ece336b8e_1,d3494c50-c34a-4c55-8031-e07ece336b8e,blank,,,,,,,,,,,human,Peter Desmet,,,,
0b0dc7b2-65bf-4f21-a358-b5867f92581c_1,0b0dc7b2-65bf-4f21-a358-b5867f92581c,blank,,,,,,,,,,,human,Peter Desmet,,,,
90e03429-3f43-40a9-bc6e-39c6e6eaf754_1,90e03429-3f43-40a9-bc6e-39c6e6eaf754,blank,,,,,,,,,,,human,Peter Desmet,,,,
a0a65a78-c8e2-4bfe-9eb3-9c2c164f2526_1,a0a65a78-c8e2-4bfe-9eb3-9c2c164f2526,blank,,,,,,,,,,,human,Peter Desmet,,,,
9c1a5f4a-8c21-48bb-b3b9-7a27284969db_1,9c1a5f4a-8c21-48bb-b3b9-7a27284969db,blank,,,,,,,,,,,human,Peter Desmet,,,,
a33837bf-46c3-415b-9982-50f838f2a0dd_1,a33837bf-46c3-415b-9982-50f838f2a0dd,animal,,DGP6,Anas platyrhynchos,1,adult,female,,,,,human,Peter Desmet,,,,
a33837bf-46c3-415b-9982-50f838f2a0dd_2,a33837bf-46c3-415b-9982-50f838f2a0dd,animal,,DGP6,Anas platyrhynchos,9,juvenile,,,,,,human,Peter Desmet,,,,
a4c90844-bf4e-4bb4-8c60-a3b560a45800_1,a4c90844-bf4e-4bb4-8c60-a3b560a45800,animal,,DGP6,Anas platyrhynchos,1,adult,female,,,,,human,Peter Desmet,,,,
a4c90844-bf4e-4bb4-8c60-a3b560a45800_2,a4c90844-bf4e-4bb4-8c60-a3b560a45800,animal,,DGP6,Anas platyrhynchos,9,juvenile,,,,,,human,Peter Desmet,,,,
b8d6c1ec-b1ea-4a12-915a-59c8fb448c6c_1,b8d6c1ec-b1ea-4a12-915a-59c8fb448c6c,animal,,DGP6,Anas platyrhynchos,1,adult,female,,,,,human,Peter Desmet,,,,
b8d6c1ec-b1ea-4a12-915a-59c8fb448c6c_2,b8d6c1ec-b1ea-4a12-915a-59c8fb448c6c,animal,,DGP6,Anas platyrhynchos,9,juvenile,,,,,,human,Peter Desmet,,,,
9c4b83d9-711a-43eb-9f40-f894cf470fe1_1,9c4b83d9-711a-43eb-9f40-f894cf470fe1,animal,,DGP6,Anas platyrhynchos,1,adult,female,,,,,human,Peter Desmet,,,,
9c4b83d9-711a-43eb-9f40-f894cf470fe1_2,9c4b83d9-711a-43eb-9f40-f894cf470fe1,animal,,DGP6,Anas platyrhynchos,9,juvenile,,,,,,human,Peter Desmet,,,,
7e4de13b-c589-4b28-b2fb-389e9916ce86_1,7e4de13b-c589-4b28-b2fb-389e9916ce86,animal,,DGP6,Anas platyrhynchos,1,adult,female,,,,,human,Peter Desmet,,,,
7e4de13b-c589-4b28-b2fb-389e9916ce86_2,7e4de13b-c589-4b28-b2fb-389e9916ce86,animal,,DGP6,Anas platyrhynchos,9,juvenile,,,,,,human,Peter Desmet,,,,
72366a31-2632-4f2b-b059-b5e5f23358e7_1,72366a31-2632-4f2b-b059-b5e5f23358e7,animal,,DGP6,Anas platyrhynchos,1,adult,female,,,,,human,Peter Desmet,,,,
72366a31-2632-4f2b-b059-b5e5f23358e7_2,72366a31-2632-4f2b-b059-b5e5f23358e7,animal,,DGP6,Anas platyrhynchos,9,juvenile,,,,,,human,Peter Desmet,,,,
a55b821f-da11-41bb-9088-d4474ddd8d4c_1,a55b821f-da11-41bb-9088-d4474ddd8d4c,animal,,DGP6,Anas platyrhynchos,1,adult,female,,,,,human,Peter Desmet,,,,
a55b821f-da11-41bb-9088-d4474ddd8d4c_2,a55b821f-da11-41bb-9088-d4474ddd8d4c,animal,,DGP6,Anas platyrhynchos,9,juvenile,,,,,,human,Peter Desmet,,,,
28290b2c-f57c-4d0a-bcd0-c3215c889079_1,28290b2c-f57c-4d0a-bcd0-c3215c889079,animal,,DGP6,Anas platyrhynchos,1,adult,female,,,,,human,Peter Desmet,,,,
28290b2c-f57c-4d0a-bcd0-c3215c889079_2,28290b2c-f57c-4d0a-bcd0-c3215c889079,animal,,DGP6,Anas platyrhynchos,9,juvenile,,,,,,human,Peter Desmet,,,,
53446511-3818-409a-8636-cf8fb16794a0_1,53446511-3818-409a-8636-cf8fb16794a0,animal,,DGP6,Anas platyrhynchos,1,adult,female,,,,,human,Peter Desmet,,,,
53446511-3818-409a-8636-cf8fb16794a0_2,53446511-3818-409a-8636-cf8fb16794a0,animal,,DGP6,Anas platyrhynchos,9,juvenile,,,,,,human,Peter Desmet,,,,
7d3e106e-c9e6-4422-868c-644b095ccff7_1,7d3e106e-c9e6-4422-868c-644b095ccff7,animal,,DGP6,Anas platyrhynchos,1,adult,female,,,,,human,Peter Desmet,,,,
7d3e106e-c9e6-4422-868c-644b095ccff7_2,7d3e106e-c9e6-4422-868c-644b095ccff7,animal,,DGP6,Anas platyrhynchos,9,juvenile,,,,,,human,Peter Desmet,,,,
b1e03fbb-3b83-40d4-bc5b-5d3f796da851_1,b1e03fbb-3b83-40d4-bc5b-5d3f796da851,animal,,DGP6,Anas platyrhynchos,4,adult,male,,,,,human,Peter Desmet,,,,eclipse plumage
f69cf443-6d8c-4e3b-a58a-f51bbdf84685_1,f69cf443-6d8c-4e3b-a58a-f51bbdf84685,animal,,DGP6,Anas platyrhynchos,4,adult,male,,,,,human,Peter Desmet,,,,eclipse plumage
235078cc-1b44-4da3-b260-3faccb37c2ca_1,235078cc-1b44-4da3-b260-3faccb37c2ca,animal,,DGP6,Anas platyrhynchos,4,adult,male,,,,,human,Peter Desmet,,,,eclipse plumage
8b8ba813-1ad5-4944-8c0a-96c82f6fb36f_1,8b8ba813-1ad5-4944-8c0a-96c82f6fb36f,animal,,DGP6,Anas platyrhynchos,4,adult,male,,,,,human,Peter Desmet,,,,eclipse plumage
b5e07538-091b-4c16-a553-d9e50ab0e1eb_1,b5e07538-091b-4c16-a553-d9e50ab0e1eb,animal,,DGP6,Anas platyrhynchos,4,adult,male,,,,,human,Peter Desmet,,,,eclipse plumage
f38e18d4-7f59-4ad4-befe-2e10d5467f25_1,f38e18d4-7f59-4ad4-befe-2e10d5467f25,animal,,DGP6,Anas platyrhynchos,4,adult,male,,,,,human,Peter Desmet,,,,eclipse plumage
67aecf0d-3558-4482-86fb-c9fd72ef4e31_1,67aecf0d-3558-4482-86fb-c9fd72ef4e31,animal,,DGP6,Anas platyrhynchos,4,adult,male,,,,,human,Peter Desmet,,,,eclipse plumage
fc05b93d-f9bd-4e8a-86f4-948a47909a08_1,fc05b93d-f9bd-4e8a-86f4-948a47909a08,animal,,DGP6,Anas platyrhynchos,4,adult,male,,,,,human,Peter Desmet,,,,eclipse plumage
46ee4572-7020-463e-bbe0-86163f387114_1,46ee4572-7020-463e-bbe0-86163f387114,animal,,DGP6,Anas platyrhynchos,4,adult,male,,,,,human,Peter Desmet,,,,eclipse plumage
2840949c-5db5-4975-8df5-6b71aa626562_1,2840949c-5db5-4975-8df5-6b71aa626562,animal,,DGP6,Anas platyrhynchos,4,adult,male,,,,,human,Peter Desmet,,,,eclipse plumage
e68deaed-a64e-4999-87a3-9aa0edf5970d_1,e68deaed-a64e-4999-87a3-9aa0edf5970d,animal,,GCHS,Ardea cinerea,1,adult,,,,,,human,Peter Desmet,,,,
e68deaed-a64e-4999-87a3-9aa0edf5970d_2,e68deaed-a64e-4999-87a3-9aa0edf5970d,animal,,DGP6,Anas platyrhynchos,1,adult,female,,,,,human,Peter Desmet,,,,
e68deaed-a64e-4999-87a3-9aa0edf5970d_3,e68deaed-a64e-4999-87a3-9aa0edf5970d,animal,,DGP6,Anas platyrhynchos,1,adult,male,,,,,human,Peter Desmet,,,,
c5efbcb3-34f5-4a59-bc15-034e01b05475_1,c5efbcb3-34f5-4a59-bc15-034e01b05475,animal,,GCHS,Ardea cinerea,1,adult,,,,,,human,Peter Desmet,,,,
c5efbcb3-34f5-4a59-bc15-034e01b05475_2,c5efbcb3-34f5-4a59-bc15-034e01b05475,animal,,DGP6,Anas platyrhynchos,1,adult,female,,,,,human,Peter Desmet,,,,
c5efbcb3-34f5-4a59-bc15-034e01b05475_3,c5efbcb3-34f5-4a59-bc15-034e01b05475,animal,,DGP6,Anas platyrhynchos,1,adult,male,,,,,human,Peter Desmet,,,,
07eee194-85c7-4586-96be-7b42ff6f1132_1,07eee194-85c7-4586-96be-7b42ff6f1132,animal,,GCHS,Ardea cinerea,1,adult,,,,,,human,Peter Desmet,,,,
07eee194-85c7-4586-96be-7b42ff6f1132_2,07eee194-85c7-4586-96be-7b42ff6f1132,animal,,DGP6,Anas platyrhynchos,1,adult,female,,,,,human,Peter Desmet,,,,
07eee194-85c7-4586-96be-7b42ff6f1132_3,07eee194-85c7-4586-96be-7b42ff6f1132,animal,,DGP6,Anas platyrhynchos,1,adult,male,,,,,human,Peter Desmet,,,,
479a93c4-bc70-4e91-9ab5-b058df232ed0_1,479a93c4-bc70-4e91-9ab5-b058df232ed0,animal,,GCHS,Ardea cinerea,1,adult,,,,,,human,Peter Desmet,,,,
479a93c4-bc70-4e91-9ab5-b058df232ed0_2,479a93c4-bc70-4e91-9ab5-b058df232ed0,animal,,DGP6,Anas platyrhynchos,1,adult,female,,,,,human,Peter Desmet,,,,
479a93c4-bc70-4e91-9ab5-b058df232ed0_3,479a93c4-bc70-4e91-9ab5-b058df232ed0,animal,,DGP6,Anas platyrhynchos,1,adult,male,,,,,human,Peter Desmet,,,,
6d65f3e4-4770-407b-b2bf-878983bf9872_1,6d65f3e4-4770-407b-b2bf-878983bf9872,animal,,GCHS,Ardea cinerea,1,adult,,,,,,human,Peter Desmet,,,,
6d65f3e4-4770-407b-b2bf-878983bf9872_2,6d65f3e4-4770-407b-b2bf-878983bf9872,animal,,DGP6,Anas platyrhynchos,1,adult,female,,,,,human,Peter Desmet,,,,
6d65f3e4-4770-407b-b2bf-878983bf9872_3,6d65f3e4-4770-407b-b2bf-878983bf9872,animal,,DGP6,Anas platyrhynchos,1,adult,male,,,,,human,Peter Desmet,,,,
5ba57018-fd06-4319-bc80-ba6efa076c7c_1,5ba57018-fd06-4319-bc80-ba6efa076c7c,animal,,GCHS,Ardea cinerea,1,adult,,,,,,human,Peter Desmet,,,,
5ba57018-fd06-4319-bc80-ba6efa076c7c_2,5ba57018-fd06-4319-bc80-ba6efa076c7c,animal,,DGP6,Anas platyrhynchos,1,adult,female,,,,,human,Peter Desmet,,,,
5ba57018-fd06-4319-bc80-ba6efa076c7c_3,5ba57018-fd06-4319-bc80-ba6efa076c7c,animal,,DGP6,Anas platyrhynchos,1,adult,male,,,,,human,Peter Desmet,,,,
c39a0749-b8db-4853-81c4-32b9a99868ca_1,c39a0749-b8db-4853-81c4-32b9a99868ca,animal,,GCHS,Ardea cinerea,1,adult,,,,,,human,Peter Desmet,,,,
c39a0749-b8db-4853-81c4-32b9a99868ca_2,c39a0749-b8db-4853-81c4-32b9a99868ca,animal,,DGP6,Anas platyrhynchos,1,adult,female,,,,,human,Peter Desmet,,,,
c39a0749-b8db-4853-81c4-32b9a99868ca_3,c39a0749-b8db-4853-81c4-32b9a99868ca,animal,,DGP6,Anas platyrhynchos,1,adult,male,,,,,human,Peter Desmet,,,,
d2ed4389-14e6-45d7-b67d-b52d3cffd0fb_1,d2ed4389-14e6-45d7-b67d-b52d3cffd0fb,animal,,GCHS,Ardea cinerea,1,adult,,,,,,human,Peter Desmet,,,,
d2ed4389-14e6-45d7-b67d-b52d3cffd0fb_2,d2ed4389-14e6-45d7-b67d-b52d3cffd0fb,animal,,DGP6,Anas platyrhynchos,1,adult,female,,,,,human,Peter Desmet,,,,
d2ed4389-14e6-45d7-b67d-b52d3cffd0fb_3,d2ed4389-14e6-45d7-b67d-b52d3cffd0fb,animal,,DGP6,Anas platyrhynchos,1,adult,male,,,,,human,Peter Desmet,,,,
51549c25-e565-4ece-a26e-12442ccc3fcb_1,51549c25-e565-4ece-a26e-12442ccc3fcb,animal,,GCHS,Ardea cinerea,1,adult,,,,,,human,Peter Desmet,,,,
51549c25-e565-4ece-a26e-12442ccc3fcb_2,51549c25-e565-4ece-a26e-12442ccc3fcb,animal,,DGP6,Anas platyrhynchos,1,adult,female,,,,,human,Peter Desmet,,,,
51549c25-e565-4ece-a26e-12442ccc3fcb_3,51549c25-e565-4ece-a26e-12442ccc3fcb,animal,,DGP6,Anas platyrhynchos,1,adult,male,,,,,human,Peter Desmet,,,,
b78bb29f-fbf3-49b0-911b-ca4e5a95d801_1,b78bb29f-fbf3-49b0-911b-ca4e5a95d801,animal,,GCHS,Ardea cinerea,1,adult,,,,,,human,Peter Desmet,,,,
b78bb29f-fbf3-49b0-911b-ca4e5a95d801_2,b78bb29f-fbf3-49b0-911b-ca4e5a95d801,animal,,DGP6,Anas platyrhynchos,1,adult,female,,,,,human,Peter Desmet,,,,
b78bb29f-fbf3-49b0-911b-ca4e5a95d801_3,b78bb29f-fbf3-49b0-911b-ca4e5a95d801,animal,,DGP6,Anas platyrhynchos,1,adult,male,,,,,human,Peter Desmet,,,,
d6785b65-24fa-4663-8539-e5fb261d069d_1,d6785b65-24fa-4663-8539-e5fb261d069d,animal,,GCHS,Ardea cinerea,1,adult,,,,,,human,Peter Desmet,,,,
d6785b65-24fa-4663-8539-e5fb261d069d_2,d6785b65-24fa-4663-8539-e5fb261d069d,animal,,DGP6,Anas platyrhynchos,1,adult,female,,,,,human,Peter Desmet,,,,
d6785b65-24fa-4663-8539-e5fb261d069d_3,d6785b65-24fa-4663-8539-e5fb261d069d,animal,,DGP6,Anas platyrhynchos,1,adult,male,,,,,human,Peter Desmet,,,,
2b860458-742b-4fca-937c-2a27742dccb0_1,2b860458-742b-4fca-937c-2a27742dccb0,animal,,GCHS,Ardea cinerea,1,adult,,,,,,human,Peter Desmet,,,,
2b860458-742b-4fca-937c-2a27742dccb0_2,2b860458-742b-4fca-937c-2a27742dccb0,animal,,DGP6,Anas platyrhynchos,1,adult,female,,,,,human,Peter Desmet,,,,
2b860458-742b-4fca-937c-2a27742dccb0_3,2b860458-742b-4fca-937c-2a27742dccb0,animal,,DGP6,Anas platyrhynchos,1,adult,male,,,,,human,Peter Desmet,,,,
d45648b9-76d1-4500-898c-dd3c3f31a0b8_1,d45648b9-76d1-4500-898c-dd3c3f31a0b8,animal,,GCHS,Ardea cinerea,1,adult,,,,,,human,Peter Desmet,,,,
d45648b9-76d1-4500-898c-dd3c3f31a0b8_2,d45648b9-76d1-4500-898c-dd3c3f31a0b8,animal,,DGP6,Anas platyrhynchos,1,adult,female,,,,,human,Peter Desmet,,,,
d45648b9-76d1-4500-898c-dd3c3f31a0b8_3,d45648b9-76d1-4500-898c-dd3c3f31a0b8,animal,,DGP6,Anas platyrhynchos,1,adult,male,,,,,human,Peter Desmet,,,,
eecd8ce1-2b13-49b7-bcec-c0056848aa62_1,eecd8ce1-2b13-49b7-bcec-c0056848aa62,animal,,GCHS,Ardea cinerea,1,adult,,,,,,human,Peter Desmet,,,,
eecd8ce1-2b13-49b7-bcec-c0056848aa62_2,eecd8ce1-2b13-49b7-bcec-c0056848aa62,animal,,DGP6,Anas platyrhynchos,1,adult,female,,,,,human,Peter Desmet,,,,
eecd8ce1-2b13-49b7-bcec-c0056848aa62_3,eecd8ce1-2b13-49b7-bcec-c0056848aa62,animal,,DGP6,Anas platyrhynchos,1,adult,male,,,,,human,Peter Desmet,,,,
48d26ebc-ba6e-4245-8f52-c2cc1d64ef1f_1,48d26ebc-ba6e-4245-8f52-c2cc1d64ef1f,animal,,GCHS,Ardea cinerea,1,adult,,,,,,human,Peter Desmet,,,,
48d26ebc-ba6e-4245-8f52-c2cc1d64ef1f_2,48d26ebc-ba6e-4245-8f52-c2cc1d64ef1f,animal,,DGP6,Anas platyrhynchos,1,adult,female,,,,,human,Peter Desmet,,,,
48d26ebc-ba6e-4245-8f52-c2cc1d64ef1f_3,48d26ebc-ba6e-4245-8f52-c2cc1d64ef1f,animal,,DGP6,Anas platyrhynchos,1,adult,male,,,,,human,Peter Desmet,,,,
4afd0344-3cec-4942-987b-96b69da75e6b_1,4afd0344-3cec-4942-987b-96b69da75e6b,animal,,GCHS,Ardea cinerea,1,adult,,,,,,human,Peter Desmet,,,,
4afd0344-3cec-4942-987b-96b69da75e6b_2,4afd0344-3cec-4942-987b-96b69da75e6b,animal,,DGP6,Anas platyrhynchos,1,adult,female,,,,,human,Peter Desmet,,,,
4afd0344-3cec-4942-987b-96b69da75e6b_3,4afd0344-3cec-4942-987b-96b69da75e6b,animal,,DGP6,Anas platyrhynchos,1,adult,male,,,,,human,Peter Desmet,,,,
916964ac-6389-4d06-8853-2eac6c36d8e7_1,916964ac-6389-4d06-8853-2eac6c36d8e7,animal,,GCHS,Ardea cinerea,1,adult,,,,,,human,Peter Desmet,,,,
916964ac-6389-4d06-8853-2eac6c36d8e7_2,916964ac-6389-4d06-8853-2eac6c36d8e7,animal,,DGP6,Anas platyrhynchos,1,adult,female,,,,,human,Peter Desmet,,,,
916964ac-6389-4d06-8853-2eac6c36d8e7_3,916964ac-6389-4d06-8853-2eac6c36d8e7,animal,,DGP6,Anas platyrhynchos,1,adult,male,,,,,human,Peter Desmet,,,,
3e8e355a-6253-4a5f-a950-2f934821b7f7_1,3e8e355a-6253-4a5f-a950-2f934821b7f7,animal,,GCHS,Ardea cinerea,1,adult,,,,,,human,Peter Desmet,,,,
3e8e355a-6253-4a5f-a950-2f934821b7f7_2,3e8e355a-6253-4a5f-a950-2f934821b7f7,animal,,DGP6,Anas platyrhynchos,1,adult,female,,,,,human,Peter Desmet,,,,
3e8e355a-6253-4a5f-a950-2f934821b7f7_3,3e8e355a-6253-4a5f-a950-2f934821b7f7,animal,,DGP6,Anas platyrhynchos,1,adult,male,,,,,human,Peter Desmet,,,,
b7792672-6a31-484a-a97b-e19e34657021_1,b7792672-6a31-484a-a97b-e19e34657021,animal,,GCHS,Ardea cinerea,1,adult,,,,,,human,Peter Desmet,,,,
b7792672-6a31-484a-a97b-e19e34657021_2,b7792672-6a31-484a-a97b-e19e34657021,animal,,DGP6,Anas platyrhynchos,1,adult,female,,,,,human,Peter Desmet,,,,
b7792672-6a31-484a-a97b-e19e34657021_3,b7792672-6a31-484a-a97b-e19e34657021,animal,,DGP6,Anas platyrhynchos,1,adult,male,,,,,human,Peter Desmet,,,,
1683dd3b-7791-493a-84c6-1bb50541fd97_1,1683dd3b-7791-493a-84c6-1bb50541fd97,animal,,GCHS,Ardea cinerea,1,adult,,,,,,human,Peter Desmet,,,,
1683dd3b-7791-493a-84c6-1bb50541fd97_2,1683dd3b-7791-493a-84c6-1bb50541fd97,animal,,DGP6,Anas platyrhynchos,1,adult,female,,,,,human,Peter Desmet,,,,
1683dd3b-7791-493a-84c6-1bb50541fd97_3,1683dd3b-7791-493a-84c6-1bb50541fd97,animal,,DGP6,Anas platyrhynchos,1,adult,male,,,,,human,Peter Desmet,,,,
e6c63f88-a31f-4f06-9410-3213baed08ab_1,e6c63f88-a31f-4f06-9410-3213baed08ab,animal,,GCHS,Ardea cinerea,1,adult,,,,,,human,Peter Desmet,,,,
e6c63f88-a31f-4f06-9410-3213baed08ab_2,e6c63f88-a31f-4f06-9410-3213baed08ab,animal,,DGP6,Anas platyrhynchos,1,adult,female,,,,,human,Peter Desmet,,,,
e6c63f88-a31f-4f06-9410-3213baed08ab_3,e6c63f88-a31f-4f06-9410-3213baed08ab,animal,,DGP6,Anas platyrhynchos,1,adult,male,,,,,human,Peter Desmet,,,,
91a1ba54-5e19-4f18-88f8-8dd0dd3ef836_1,91a1ba54-5e19-4f18-88f8-8dd0dd3ef836,animal,,GCHS,Ardea cinerea,1,adult,,,,,,human,Peter Desmet,,,,
91a1ba54-5e19-4f18-88f8-8dd0dd3ef836_2,91a1ba54-5e19-4f18-88f8-8dd0dd3ef836,animal,,DGP6,Anas platyrhynchos,1,adult,female,,,,,human,Peter Desmet,,,,
91a1ba54-5e19-4f18-88f8-8dd0dd3ef836_3,91a1ba54-5e19-4f18-88f8-8dd0dd3ef836,animal,,DGP6,Anas platyrhynchos,1,adult,male,,,,,human,Peter Desmet,,,,
233a2f40-b0c5-4b93-90e4-e254d2e148f5_1,233a2f40-b0c5-4b93-90e4-e254d2e148f5,animal,,GCHS,Ardea cinerea,1,adult,,,,,,human,Peter Desmet,,,,
233a2f40-b0c5-4b93-90e4-e254d2e148f5_2,233a2f40-b0c5-4b93-90e4-e254d2e148f5,animal,,DGP6,Anas platyrhynchos,1,adult,female,,,,,human,Peter Desmet,,,,
233a2f40-b0c5-4b93-90e4-e254d2e148f5_3,233a2f40-b0c5-4b93-90e4-e254d2e148f5,animal,,DGP6,Anas platyrhynchos,1,adult,male,,,,,human,Peter Desmet,,,,
5e01e638-d36f-4ca2-957d-7bbdc76dcc89_1,5e01e638-d36f-4ca2-957d-7bbdc76dcc89,animal,,GCHS,Ardea cinerea,1,adult,,,,,,human,Peter Desmet,,,,
5e01e638-d36f-4ca2-957d-7bbdc76dcc89_2,5e01e638-d36f-4ca2-957d-7bbdc76dcc89,animal,,DGP6,Anas platyrhynchos,1,adult,female,,,,,human,Peter Desmet,,,,
5e01e638-d36f-4ca2-957d-7bbdc76dcc89_3,5e01e638-d36f-4ca2-957d-7bbdc76dcc89,animal,,DGP6,Anas platyrhynchos,1,adult,male,,,,,human,Peter Desmet,,,,
dadf1718-90bd-438e-8649-3663f226072f_1,dadf1718-90bd-438e-8649-3663f226072f,animal,,GCHS,Ardea cinerea,1,adult,,,,,,human,Peter Desmet,,,,
dadf1718-90bd-438e-8649-3663f226072f_2,dadf1718-90bd-438e-8649-3663f226072f,animal,,DGP6,Anas platyrhynchos,1,adult,female,,,,,human,Peter Desmet,,,,
dadf1718-90bd-438e-8649-3663f226072f_3,dadf1718-90bd-438e-8649-3663f226072f,animal,,DGP6,Anas platyrhynchos,1,adult,male,,,,,human,Peter Desmet,,,,
643d63a4-dd46-4b9d-b3de-665fe2a46754_1,643d63a4-dd46-4b9d-b3de-665fe2a46754,animal,,GCHS,Ardea cinerea,1,adult,,,,,,human,Peter Desmet,,,,
643d63a4-dd46-4b9d-b3de-665fe2a46754_2,643d63a4-dd46-4b9d-b3de-665fe2a46754,animal,,DGP6,Anas platyrhynchos,1,adult,female,,,,,human,Peter Desmet,,,,
643d63a4-dd46-4b9d-b3de-665fe2a46754_3,643d63a4-dd46-4b9d-b3de-665fe2a46754,animal,,DGP6,Anas platyrhynchos,1,adult,male,,,,,human,Peter Desmet,,,,
19744c44-03ea-438f-9dc7-927e6e494ee1_1,19744c44-03ea-438f-9dc7-927e6e494ee1,animal,,GCHS,Ardea cinerea,1,adult,,,,,,human,Peter Desmet,,,,
19744c44-03ea-438f-9dc7-927e6e494ee1_2,19744c44-03ea-438f-9dc7-927e6e494ee1,animal,,DGP6,Anas platyrhynchos,1,adult,female,,,,,human,Peter Desmet,,,,
19744c44-03ea-438f-9dc7-927e6e494ee1_3,19744c44-03ea-438f-9dc7-927e6e494ee1,animal,,DGP6,Anas platyrhynchos,1,adult,male,,,,,human,Peter Desmet,,,,
edc345bc-b58a-4c0d-8659-89132449cc3c_1,edc345bc-b58a-4c0d-8659-89132449cc3c,animal,,GCHS,Ardea cinerea,1,adult,,,,,,human,Peter Desmet,,,,
edc345bc-b58a-4c0d-8659-89132449cc3c_2,edc345bc-b58a-4c0d-8659-89132449cc3c,animal,,DGP6,Anas platyrhynchos,1,adult,female,,,,,human,Peter Desmet,,,,
edc345bc-b58a-4c0d-8659-89132449cc3c_3,edc345bc-b58a-4c0d-8659-89132449cc3c,animal,,DGP6,Anas platyrhynchos,1,adult,male,,,,,human,Peter Desmet,,,,
b6e435f8-b22b-4916-8275-5fbff2d84a76_1,b6e435f8-b22b-4916-8275-5fbff2d84a76,animal,,GCHS,Ardea cinerea,1,adult,,,,,,human,Peter Desmet,,,,
b6e435f8-b22b-4916-8275-5fbff2d84a76_2,b6e435f8-b22b-4916-8275-5fbff2d84a76,animal,,DGP6,Anas platyrhynchos,1,adult,female,,,,,human,Peter Desmet,,,,
b6e435f8-b22b-4916-8275-5fbff2d84a76_3,b6e435f8-b22b-4916-8275-5fbff2d84a76,animal,,DGP6,Anas platyrhynchos,1,adult,male,,,,,human,Peter Desmet,,,,
54c5d869-8492-4b16-a72e-45196284559c_1,54c5d869-8492-4b16-a72e-45196284559c,animal,,GCHS,Ardea cinerea,1,adult,,,,,,human,Peter Desmet,,,,
54c5d869-8492-4b16-a72e-45196284559c_2,54c5d869-8492-4b16-a72e-45196284559c,animal,,DGP6,Anas platyrhynchos,1,adult,female,,,,,human,Peter Desmet,,,,
54c5d869-8492-4b16-a72e-45196284559c_3,54c5d869-8492-4b16-a72e-45196284559c,animal,,DGP6,Anas platyrhynchos,1,adult,male,,,,,human,Peter Desmet,,,,
9997f96e-a9b7-429b-95c6-87711dc07533_1,9997f96e-a9b7-429b-95c6-87711dc07533,animal,,DGP6,Anas platyrhynchos,3,,,,,,,human,Peter Desmet,,,,
9997f96e-a9b7-429b-95c6-87711dc07533_2,9997f96e-a9b7-429b-95c6-87711dc07533,animal,,DGP6,Anas platyrhynchos,1,adult,male,,,,,human,Peter Desmet,,,,
e4765ced-1696-4983-be45-c06123a59af5_1,e4765ced-1696-4983-be45-c06123a59af5,animal,,DGP6,Anas platyrhynchos,3,,,,,,,human,Peter Desmet,,,,
e4765ced-1696-4983-be45-c06123a59af5_2,e4765ced-1696-4983-be45-c06123a59af5,animal,,DGP6,Anas platyrhynchos,1,adult,male,,,,,human,Peter Desmet,,,,
e0d3e72e-4e44-4125-9e85-2432b62d8dec_1,e0d3e72e-4e44-4125-9e85-2432b62d8dec,animal,,DGP6,Anas platyrhynchos,2,,,,,,,human,Peter Desmet,,,,
e0d3e72e-4e44-4125-9e85-2432b62d8dec_2,e0d3e72e-4e44-4125-9e85-2432b62d8dec,animal,,DGP6,Anas platyrhynchos,1,adult,male,,,,,human,Peter Desmet,,,,
6bd083fd-e012-40c6-94a0-38eb2b73e248_1,6bd083fd-e012-40c6-94a0-38eb2b73e248,animal,,DGP6,Anas platyrhynchos,2,,,,,,,human,Peter Desmet,,,,
6bd083fd-e012-40c6-94a0-38eb2b73e248_2,6bd083fd-e012-40c6-94a0-38eb2b73e248,animal,,DGP6,Anas platyrhynchos,1,adult,male,,,,,human,Peter Desmet,,,,
f1b07d90-510c-47f8-a14e-df56f659fc10_1,f1b07d90-510c-47f8-a14e-df56f659fc10,animal,,DGP6,Anas platyrhynchos,1,,,,,,,human,Peter Desmet,,,,
f1b07d90-510c-47f8-a14e-df56f659fc10_2,f1b07d90-510c-47f8-a14e-df56f659fc10,animal,,DGP6,Anas platyrhynchos,1,adult,male,,,,,human,Peter Desmet,,,,
32da352b-3366-4611-9f71-d52187185ecb_1,32da352b-3366-4611-9f71-d52187185ecb,animal,,DGP6,Anas platyrhynchos,1,,,,,,,human,Peter Desmet,,,,
32da352b-3366-4611-9f71-d52187185ecb_2,32da352b-3366-4611-9f71-d52187185ecb,animal,,DGP6,Anas platyrhynchos,1,adult,male,,,,,human,Peter Desmet,,,,
b0bb7a64-38c6-4c39-84aa-52e3a5397eb9_1,b0bb7a64-38c6-4c39-84aa-52e3a5397eb9,animal,,DGP6,Anas platyrhynchos,1,,,,,,,human,Peter Desmet,,,,
b0bb7a64-38c6-4c39-84aa-52e3a5397eb9_2,b0bb7a64-38c6-4c39-84aa-52e3a5397eb9,animal,,DGP6,Anas platyrhynchos,1,adult,male,,,,,human,Peter Desmet,,,,
ad2d234c-950f-4aba-b4dc-aab9af5583db_1,ad2d234c-950f-4aba-b4dc-aab9af5583db,animal,,DGP6,Anas platyrhynchos,1,,,,,,,human,Peter Desmet,,,,
ad2d234c-950f-4aba-b4dc-aab9af5583db_2,ad2d234c-950f-4aba-b4dc-aab9af5583db,animal,,DGP6,Anas platyrhynchos,1,adult,male,,,,,human,Peter Desmet,,,,
5ceaf351-e5be-4d7e-91ab-435e501d1a8b_1,5ceaf351-e5be-4d7e-91ab-435e501d1a8b,animal,,DGP6,Anas platyrhynchos,1,,,,,,,human,Peter Desmet,,,,
5ceaf351-e5be-4d7e-91ab-435e501d1a8b_2,5ceaf351-e5be-4d7e-91ab-435e501d1a8b,animal,,DGP6,Anas platyrhynchos,1,adult,male,,,,,human,Peter Desmet,,,,
1fb9601b-c185-4908-b3f4-a678669c6ee2_1,1fb9601b-c185-4908-b3f4-a678669c6ee2,animal,,DGP6,Anas platyrhynchos,1,,,,,,,human,Peter Desmet,,,,
1fb9601b-c185-4908-b3f4-a678669c6ee2_2,1fb9601b-c185-4908-b3f4-a678669c6ee2,animal,,DGP6,Anas platyrhynchos,1,adult,male,,,,,human,Peter Desmet,,,,
e8b62b7e-969c-4d44-9a95-1a453cdd0ed6_1,e8b62b7e-969c-4d44-9a95-1a453cdd0ed6,animal,,4RM67,Rattus norvegicus,1,,,,,,,human,Peter Desmet,,,,
eb0f5a36-7755-42f5-a2dd-329cae99957c_1,eb0f5a36-7755-42f5-a2dd-329cae99957c,animal,,4RM67,Rattus norvegicus,1,,,,,,,human,Peter Desmet,,,,
51372859-13ba-4f14-b167-5ea24877c2c3_1,51372859-13ba-4f14-b167-5ea24877c2c3,animal,,4RM67,Rattus norvegicus,1,,,,,,,human,Peter Desmet,,,,
fb4f22df-e625-4d36-88ca-cb25d726a0e0_1,fb4f22df-e625-4d36-88ca-cb25d726a0e0,animal,,4RM67,Rattus norvegicus,1,,,,,,,human,Peter Desmet,,,,
4c2e721f-6bdd-4f57-bcc1-681e03dee579_1,4c2e721f-6bdd-4f57-bcc1-681e03dee579,animal,,4RM67,Rattus norvegicus,1,,,,,,,human,Peter Desmet,,,,
4f95d6c1-4d39-420e-a787-dd567b75c577_1,4f95d6c1-4d39-420e-a787-dd567b75c577,animal,,4RM67,Rattus norvegicus,1,,,,,,,human,Peter Desmet,,,,
9719433c-9176-44c5-9e3e-77cbed3ff57c_1,9719433c-9176-44c5-9e3e-77cbed3ff57c,animal,,4RM67,Rattus norvegicus,1,,,,,,,human,Peter Desmet,,,,
87d9bbb7-4006-447b-aee1-37674e1a4ab1_1,87d9bbb7-4006-447b-aee1-37674e1a4ab1,animal,,4RM67,Rattus norvegicus,1,,,,,,,human,Peter Desmet,,,,
d82e840f-9d5a-4b86-808d-422e798c207f_1,d82e840f-9d5a-4b86-808d-422e798c207f,animal,,4RM67,Rattus norvegicus,1,,,,,,,human,Peter Desmet,,,,
37bdf4b3-17c3-4549-9d04-35c6a342ab10_1,37bdf4b3-17c3-4549-9d04-35c6a342ab10,animal,,4RM67,Rattus norvegicus,1,,,,,,,human,Peter Desmet,,,,
075f9dfd-7ab1-4cac-9462-63c48595afdf_1,075f9dfd-7ab1-4cac-9462-63c48595afdf,human,setup,6MB3T,Homo sapiens,1,,,,,,,human,Peter Desmet,,,,
f99b3751-63c8-4fc1-8e5e-9a2c1704880d_1,f99b3751-63c8-4fc1-8e5e-9a2c1704880d,human,setup,6MB3T,Homo sapiens,1,,,,,,,human,Peter Desmet,,,,
70ec9558-e17c-48dd-ba97-4bf0779a8108_1,70ec9558-e17c-48dd-ba97-4bf0779a8108,human,setup,6MB3T,Homo sapiens,1,,,,,,,human,Peter Desmet,,,,
534a79c0-35c2-40d9-98f5-87ef67a8f823_1,534a79c0-35c2-40d9-98f5-87ef67a8f823,blank,setup,,,,,,,,,,human,Peter Desmet,,,,
c66bcfd1-25ca-46c2-a7b7-dd66c31d6c56_1,c66bcfd1-25ca-46c2-a7b7-dd66c31d6c56,blank,setup,,,,,,,,,,human,Peter Desmet,,,,
11e92a6f-c26d-4f50-bb62-e5f0e0785a90_1,11e92a6f-c26d-4f50-bb62-e5f0e0785a90,blank,setup,,,,,,,,,,human,Peter Desmet,,,,
15b7b50e-e7e6-4e56-af3e-2afff65d352a_1,15b7b50e-e7e6-4e56-af3e-2afff65d352a,blank,setup,,,,,,,,,,human,Peter Desmet,,,,
9a886c5b-5c80-4c4a-ad84-2cdbc3c0c71b_1,9a886c5b-5c80-4c4a-ad84-2cdbc3c0c71b,blank,setup,,,,,,,,,,human,Peter Desmet,,,,
a98fde19-43eb-4349-8275-beae57428b65_1,a98fde19-43eb-4349-8275-beae57428b65,blank,setup,,,,,,,,,,human,Peter Desmet,,,,
6b57b8cd-b2f6-465e-99ab-384c05408093_1,6b57b8cd-b2f6-465e-99ab-384c05408093,blank,setup,,,,,,,,,,human,Peter Desmet,,,,
8a4d03dc-2c39-4c00-813c-2e76c664361f_1,8a4d03dc-2c39-4c00-813c-2e76c664361f,human,setup,6MB3T,Homo sapiens,1,,,,,,,human,Peter Desmet,,,,
34990f84-f64b-4fff-8ab3-9ddd8f22c5b8_1,34990f84-f64b-4fff-8ab3-9ddd8f22c5b8,human,setup,6MB3T,Homo sapiens,1,,,,,,,human,Peter Desmet,,,,
43ea44b9-8910-4937-b19e-1d4f7ae0cf80_1,43ea44b9-8910-4937-b19e-1d4f7ae0cf80,human,setup,6MB3T,Homo sapiens,1,,,,,,,human,Peter Desmet,,,,
1fbee815-5586-49bc-be80-c596ba011a1d_1,1fbee815-5586-49bc-be80-c596ba011a1d,human,setup,6MB3T,Homo sapiens,1,,,,,,,human,Peter Desmet,,,,
7d74d79e-c88b-4e85-b01b-81e54b634cb0_1,7d74d79e-c88b-4e85-b01b-81e54b634cb0,human,setup,6MB3T,Homo sapiens,1,,,,,,,human,Peter Desmet,,,,
0e1ed4d3-7ba3-4f57-846e-209a20296e85_1,0e1ed4d3-7ba3-4f57-846e-209a20296e85,human,setup,6MB3T,Homo sapiens,1,,,,,,,human,Peter Desmet,,,,
0db99294-4fe0-4f90-9762-bc1433a1e11a_1,0db99294-4fe0-4f90-9762-bc1433a1e11a,human,setup,6MB3T,Homo sapiens,1,,,,,,,human,Peter Desmet,,,,
5bbb3e87-955e-477b-af78-db8f3133e5a8_1,5bbb3e87-955e-477b-af78-db8f3133e5a8,human,setup,6MB3T,Homo sapiens,1,,,,,,,human,Peter Desmet,,,,
ac3ddaa2-1968-4adb-a504-c3775db6400d_1,ac3ddaa2-1968-4adb-a504-c3775db6400d,human,setup,6MB3T,Homo sapiens,1,,,,,,,human,Peter Desmet,,,,
252ea114-9b7f-43c2-a696-a205ba51b470_1,252ea114-9b7f-43c2-a696-a205ba51b470,human,setup,6MB3T,Homo sapiens,1,,,,,,,human,Peter Desmet,,,,
4b2cfdb9-c5c3-498a-bfe8-23c572d795b5_1,4b2cfdb9-c5c3-498a-bfe8-23c572d795b5,human,setup,6MB3T,Homo sapiens,1,,,,,,,human,Peter Desmet,,,,
c75ddadd-d6a1-4bc3-b437-6d011d77ac8d_1,c75ddadd-d6a1-4bc3-b437-6d011d77ac8d,human,setup,6MB3T,Homo sapiens,1,,,,,,,human,Peter Desmet,,,,
a1f271bd-3ac0-4dbc-b758-0539aa2a6b3e_1,a1f271bd-3ac0-4dbc-b758-0539aa2a6b3e,human,setup,6MB3T,Homo sapiens,1,,,,,,,human,Peter Desmet,,,,
25774944-4bef-4a8c-89b0-19555231efd1_1,25774944-4bef-4a8c-89b0-19555231efd1,human,setup,6MB3T,Homo sapiens,1,,,,,,,human,Peter Desmet,,,,
0fe8ec39-b4e0-4713-9ef7-807b577ae3bd_1,0fe8ec39-b4e0-4713-9ef7-807b577ae3bd,human,setup,6MB3T,Homo sapiens,1,,,,,,,human,Peter Desmet,,,,
609b0bf3-2f23-41ff-852f-0e993198daa0_1,609b0bf3-2f23-41ff-852f-0e993198daa0,human,setup,6MB3T,Homo sapiens,1,,,,,,,human,Peter Desmet,,,,
0236e776-4dd1-4a7a-ab42-64fa40a48623_1,0236e776-4dd1-4a7a-ab42-64fa40a48623,human,setup,6MB3T,Homo sapiens,1,,,,,,,human,Peter Desmet,,,,
bdcee6e1-ecde-42ac-9a2b-0a404869b7b1_1,bdcee6e1-ecde-42ac-9a2b-0a404869b7b1,human,setup,6MB3T,Homo sapiens,1,,,,,,,human,Peter Desmet,,,,
8840c07b-69ae-4b8a-8496-c1034052fa7e_1,8840c07b-69ae-4b8a-8496-c1034052fa7e,human,setup,6MB3T,Homo sapiens,1,,,,,,,human,Peter Desmet,,,,
96c9b892-a5f4-42fc-8e27-d50b1de2cdf3_1,96c9b892-a5f4-42fc-8e27-d50b1de2cdf3,human,setup,6MB3T,Homo sapiens,1,,,,,,,human,Peter Desmet,,,,
9e6ce0db-91b7-42bd-975c-db9ef48c6b3b_1,9e6ce0db-91b7-42bd-975c-db9ef48c6b3b,human,setup,6MB3T,Homo sapiens,1,,,,,,,human,Peter Desmet,,,,
38f0300d-3bd8-45c7-94e1-0fea018adae4_1,38f0300d-3bd8-45c7-94e1-0fea018adae4,human,setup,6MB3T,Homo sapiens,1,,,,,,,human,Peter Desmet,,,,
4b7e8e13-b52b-4a07-baf5-19a0a23f21ef_1,4b7e8e13-b52b-4a07-baf5-19a0a23f21ef,human,setup,6MB3T,Homo sapiens,1,,,,,,,human,Peter Desmet,,,,
aa5556db-3ae3-478c-b36d-5b9c636de8f9_1,aa5556db-3ae3-478c-b36d-5b9c636de8f9,human,setup,6MB3T,Homo sapiens,1,,,,,,,human,Peter Desmet,,,,
d7996476-05ba-456d-92a1-710aec904431_1,d7996476-05ba-456d-92a1-710aec904431,human,setup,6MB3T,Homo sapiens,1,,,,,,,human,Peter Desmet,,,,
ca4f21df-d73a-45d3-bf37-5dc806a4f85b_1,ca4f21df-d73a-45d3-bf37-5dc806a4f85b,human,setup,6MB3T,Homo sapiens,1,,,,,,,human,Peter Desmet,,,,
7f7bafdb-03b3-4d3d-a5b1-ffce2e87ea0c_1,7f7bafdb-03b3-4d3d-a5b1-ffce2e87ea0c,human,setup,6MB3T,Homo sapiens,1,,,,,,,human,Peter Desmet,,,,
d99eb0b6-d1da-435f-9814-95cb478d11df_1,d99eb0b6-d1da-435f-9814-95cb478d11df,human,setup,6MB3T,Homo sapiens,1,,,,,,,human,Peter Desmet,,,,
c27dc6e2-0668-4af9-880b-31935876f4d9_1,c27dc6e2-0668-4af9-880b-31935876f4d9,human,setup,6MB3T,Homo sapiens,1,,,,,,,human,Peter Desmet,,,,
ec39bbdf-493d-47a8-abc0-bf02f408f293_1,ec39bbdf-493d-47a8-abc0-bf02f408f293,human,setup,6MB3T,Homo sapiens,1,,,,,,,human,Peter Desmet,,,,
3e65dfaa-b239-4834-b809-2bc1b06e26cc_1,3e65dfaa-b239-4834-b809-2bc1b06e26cc,unknown,,,,,,,,,,,human,Peter Desmet,,,,
dbfba6c1-ec77-4048-9b3b-aac3ace43c24_1,dbfba6c1-ec77-4048-9b3b-aac3ace43c24,unknown,,,,,,,,,,,human,Peter Desmet,,,,
006d72c5-dcbc-4e7f-ac29-e6ca1644693f_1,006d72c5-dcbc-4e7f-ac29-e6ca1644693f,unknown,,,,,,,,,,,human,Peter Desmet,,,,
d7fde0a6-8b6f-41a5-be4a-ef3950aef757_1,d7fde0a6-8b6f-41a5-be4a-ef3950aef757,unknown,,,,,,,,,,,human,Peter Desmet,,,,
0b2b5fb0-6220-4679-9b10-2b98d4ab866e_1,0b2b5fb0-6220-4679-9b10-2b98d4ab866e,unknown,,,,,,,,,,,human,Peter Desmet,,,,
402bd5dd-da18-4403-a729-010197ed1214_1,402bd5dd-da18-4403-a729-010197ed1214,unknown,,,,,,,,,,,human,Peter Desmet,,,,
6f506725-fa9b-4cbf-9c81-d9aa77d7c592_1,6f506725-fa9b-4cbf-9c81-d9aa77d7c592,unknown,,,,,,,,,,,human,Peter Desmet,,,,
1f76ae45-2422-4fae-a479-a2f1163d5230_1,1f76ae45-2422-4fae-a479-a2f1163d5230,unknown,,,,,,,,,,,human,Peter Desmet,,,,
6fb5e4ca-ccb1-4358-8e24-7135a9aa2417_1,6fb5e4ca-ccb1-4358-8e24-7135a9aa2417,unknown,,,,,,,,,,,human,Peter Desmet,,,,
2fd956b5-f215-49a7-ae79-eb902216c044_1,2fd956b5-f215-49a7-ae79-eb902216c044,unknown,,,,,,,,,,,human,Peter Desmet,,,,
0ca1bfc7-f5f4-4bd4-91b6-6e0b02399cbf_1,0ca1bfc7-f5f4-4bd4-91b6-6e0b02399cbf,blank,,,,,,,,,,,human,Peter Desmet,,,,
fa6d8b73-c37a-42e9-8346-c0e26e1a5195_1,fa6d8b73-c37a-42e9-8346-c0e26e1a5195,blank,,,,,,,,,,,human,Peter Desmet,,,,
3798e2c5-9191-4980-97e0-dea9e271e97f_1,3798e2c5-9191-4980-97e0-dea9e271e97f,blank,,,,,,,,,,,human,Peter Desmet,,,,
be890542-6845-4c24-aefb-d29ac08e1ebb_1,be890542-6845-4c24-aefb-d29ac08e1ebb,blank,,,,,,,,,,,human,Peter Desmet,,,,
57214693-88a3-4449-b4e9-913656b74ea7_1,57214693-88a3-4449-b4e9-913656b74ea7,blank,,,,,,,,,,,human,Peter Desmet,,,,
d32e790c-a3c8-444a-b733-94505e3150ee_1,d32e790c-a3c8-444a-b733-94505e3150ee,blank,,,,,,,,,,,human,Peter Desmet,,,,
1df7ff8a-bde1-4c9a-884e-687b347132c3_1,1df7ff8a-bde1-4c9a-884e-687b347132c3,blank,,,,,,,,,,,human,Peter Desmet,,,,
ccab7c7d-fbd6-451d-ae07-9ad0f46cc26b_1,ccab7c7d-fbd6-451d-ae07-9ad0f46cc26b,blank,,,,,,,,,,,human,Peter Desmet,,,,
fb19a8b7-1c7a-43dc-9173-1c1481bc7903_1,fb19a8b7-1c7a-43dc-9173-1c1481bc7903,blank,,,,,,,,,,,human,Peter Desmet,,,,
3b11a509-ca8e-4b93-b295-85a52daddf74_1,3b11a509-ca8e-4b93-b295-85a52daddf74,blank,,,,,,,,,,,human,Peter Desmet,,,,
8263e85b-786a-4f62-9817-d54fb1dafb5d_1,8263e85b-786a-4f62-9817-d54fb1dafb5d,animal,,DGPL,Anas strepera,2,subadult,,,,,,human,Peter Desmet,,,,
8263e85b-786a-4f62-9817-d54fb1dafb5d_2,8263e85b-786a-4f62-9817-d54fb1dafb5d,animal,,DGP6,Anas platyrhynchos,2,adult,female,,,,,human,Peter Desmet,,,,
cf97e186-9679-4cd9-95fa-dfa50d8003cc_1,cf97e186-9679-4cd9-95fa-dfa50d8003cc,animal,,DGPL,Anas strepera,2,subadult,,,,,,human,Peter Desmet,,,,
cf97e186-9679-4cd9-95fa-dfa50d8003cc_2,cf97e186-9679-4cd9-95fa-dfa50d8003cc,animal,,DGP6,Anas platyrhynchos,2,adult,female,,,,,human,Peter Desmet,,,,
969ee7eb-6bd1-41b5-ac69-cd957e819f75_1,969ee7eb-6bd1-41b5-ac69-cd957e819f75,animal,,DGPL,Anas strepera,3,subadult,,,,,,human,Peter Desmet,,,,
969ee7eb-6bd1-41b5-ac69-cd957e819f75_2,969ee7eb-6bd1-41b5-ac69-cd957e819f75,animal,,DGP6,Anas platyrhynchos,2,adult,female,,,,,human,Peter Desmet,,,,
2f80c542-7c7c-490f-a34b-297029f52a9b_1,2f80c542-7c7c-490f-a34b-297029f52a9b,animal,,DGPL,Anas strepera,3,subadult,,,,,,human,Peter Desmet,,,,
2f80c542-7c7c-490f-a34b-297029f52a9b_2,2f80c542-7c7c-490f-a34b-297029f52a9b,animal,,DGP6,Anas platyrhynchos,2,adult,female,,,,,human,Peter Desmet,,,,
a67541cf-0769-44ca-9af1-853298cc7580_1,a67541cf-0769-44ca-9af1-853298cc7580,animal,,DGPL,Anas strepera,3,subadult,,,,,,human,Peter Desmet,,,,
a67541cf-0769-44ca-9af1-853298cc7580_2,a67541cf-0769-44ca-9af1-853298cc7580,animal,,DGP6,Anas platyrhynchos,2,adult,female,,,,,human,Peter Desmet,,,,
00c300dc-68dc-4ad6-ac48-57a765794cc6_1,00c300dc-68dc-4ad6-ac48-57a765794cc6,animal,,DGPL,Anas strepera,3,subadult,,,,,,human,Peter Desmet,,,,
00c300dc-68dc-4ad6-ac48-57a765794cc6_2,00c300dc-68dc-4ad6-ac48-57a765794cc6,animal,,DGP6,Anas platyrhynchos,1,adult,female,,,,,human,Peter Desmet,,,,
e5a7fafa-ce79-4a57-82f3-2f9e4e35f1a9_1,e5a7fafa-ce79-4a57-82f3-2f9e4e35f1a9,animal,,DGPL,Anas strepera,3,subadult,,,,,,human,Peter Desmet,,,,
e5a7fafa-ce79-4a57-82f3-2f9e4e35f1a9_2,e5a7fafa-ce79-4a57-82f3-2f9e4e35f1a9,animal,,DGP6,Anas platyrhynchos,1,adult,female,,,,,human,Peter Desmet,,,,
465e0790-4e14-4169-ab82-3da2cd59ff9f_1,465e0790-4e14-4169-ab82-3da2cd59ff9f,animal,,DGPL,Anas strepera,3,subadult,,,,,,human,Peter Desmet,,,,
465e0790-4e14-4169-ab82-3da2cd59ff9f_2,465e0790-4e14-4169-ab82-3da2cd59ff9f,animal,,DGP6,Anas platyrhynchos,1,adult,female,,,,,human,Peter Desmet,,,,
a3d8e093-2471-4a5c-bc77-20618e641dd3_1,a3d8e093-2471-4a5c-bc77-20618e641dd3,animal,,DGPL,Anas strepera,3,subadult,,,,,,human,Peter Desmet,,,,
a3d8e093-2471-4a5c-bc77-20618e641dd3_2,a3d8e093-2471-4a5c-bc77-20618e641dd3,animal,,DGP6,Anas platyrhynchos,1,adult,female,,,,,human,Peter Desmet,,,,
9aa6b614-d598-44f1-b953-559bc00d1d84_1,9aa6b614-d598-44f1-b953-559bc00d1d84,animal,,DGPL,Anas strepera,3,subadult,,,,,,human,Peter Desmet,,,,
9aa6b614-d598-44f1-b953-559bc00d1d84_2,9aa6b614-d598-44f1-b953-559bc00d1d84,animal,,DGP6,Anas platyrhynchos,1,adult,female,,,,,human,Peter Desmet,,,,
6ef7e463-b487-4882-a705-2f0634949531_1,6ef7e463-b487-4882-a705-2f0634949531,animal,,DGP6,Anas platyrhynchos,2,adult,female,,,,,human,Peter Desmet,,,,
9daa27f6-c369-48a5-8ee4-42009111a96f_1,9daa27f6-c369-48a5-8ee4-42009111a96f,animal,,DGP6,Anas platyrhynchos,2,adult,female,,,,,human,Peter Desmet,,,,
d6de3d71-2c18-457f-9ef9-40c9118c52d7_1,d6de3d71-2c18-457f-9ef9-40c9118c52d7,animal,,DGP6,Anas platyrhynchos,2,adult,female,,,,,human,Peter Desmet,,,,
1e381a4f-25bd-46b6-ac26-5b8616f361bf_1,1e381a4f-25bd-46b6-ac26-5b8616f361bf,animal,,DGP6,Anas platyrhynchos,2,adult,female,,,,,human,Peter Desmet,,,,
d1d5db8f-3a59-42b7-9ee3-d06ca489ba1c_1,d1d5db8f-3a59-42b7-9ee3-d06ca489ba1c,animal,,DGP6,Anas platyrhynchos,2,adult,female,,,,,human,Peter Desmet,,,,
7206f7aa-89d1-477d-b528-9dc53c01af0d_1,7206f7aa-89d1-477d-b528-9dc53c01af0d,animal,,DGP6,Anas platyrhynchos,2,adult,female,,,,,human,Peter Desmet,,,,
4c6b5b3b-2b95-4480-954f-21f2b10c6206_1,4c6b5b3b-2b95-4480-954f-21f2b10c6206,animal,,DGP6,Anas platyrhynchos,2,adult,female,,,,,human,Peter Desmet,,,,
c953bbdb-2c13-4d3a-ad6c-c320ff3f61bb_1,c953bbdb-2c13-4d3a-ad6c-c320ff3f61bb,animal,,DGP6,Anas platyrhynchos,2,adult,female,,,,,human,Peter Desmet,,,,
9fb67f43-2a62-4259-8623-a6e22394b157_1,9fb67f43-2a62-4259-8623-a6e22394b157,animal,,DGP6,Anas platyrhynchos,2,adult,female,,,,,human,Peter Desmet,,,,
d432ab6f-38a6-4336-9358-8bc630139f92_1,d432ab6f-38a6-4336-9358-8bc630139f92,animal,,DGP6,Anas platyrhynchos,2,adult,female,,,,,human,Peter Desmet,,,,
58a41680-8f1f-4751-bda6-a6fa86d9ed7c_1,58a41680-8f1f-4751-bda6-a6fa86d9ed7c,animal,,DGP6,Anas platyrhynchos,1,adult,female,,,,,human,Peter Desmet,,,,
b84bcd80-5d00-46b9-b3c3-f1e6282d2e53_1,b84bcd80-5d00-46b9-b3c3-f1e6282d2e53,animal,,DGP6,Anas platyrhynchos,1,adult,female,,,,,human,Peter Desmet,,,,
81d1219e-3cdf-46cf-99d9-ffc3f4214c2d_1,81d1219e-3cdf-46cf-99d9-ffc3f4214c2d,animal,,DGP6,Anas platyrhynchos,1,adult,female,,,,,human,Peter Desmet,,,,
85e5cd57-989e-4a7c-882b-3185f0017280_1,85e5cd57-989e-4a7c-882b-3185f0017280,animal,,DGP6,Anas platyrhynchos,2,adult,female,,,,,human,Peter Desmet,,,,
020dbfe0-148b-443c-8a4b-7919e3323fa3_1,020dbfe0-148b-443c-8a4b-7919e3323fa3,animal,,DGP6,Anas platyrhynchos,2,adult,female,,,,,human,Peter Desmet,,,,
fb144e45-cdeb-4e67-88af-f2956d87d930_1,fb144e45-cdeb-4e67-88af-f2956d87d930,animal,,DGP6,Anas platyrhynchos,2,adult,female,,,,,human,Peter Desmet,,,,
fb6eb723-869f-47eb-9ddd-8cca98228bbf_1,fb6eb723-869f-47eb-9ddd-8cca98228bbf,animal,,DGP6,Anas platyrhynchos,2,adult,female,,,,,human,Peter Desmet,,,,
7aaee7d3-d946-465f-99b0-7b4cdf19aff1_1,7aaee7d3-d946-465f-99b0-7b4cdf19aff1,animal,,DGP6,Anas platyrhynchos,2,adult,female,,,,,human,Peter Desmet,,,,
987e1ab4-5e2a-4d2f-86a8-6615f0346079_1,987e1ab4-5e2a-4d2f-86a8-6615f0346079,animal,,DGP6,Anas platyrhynchos,2,adult,female,,,,,human,Peter Desmet,,,,
778315fe-c62d-4a7f-96fc-5eea5d4377ac_1,778315fe-c62d-4a7f-96fc-5eea5d4377ac,animal,,DGP6,Anas platyrhynchos,2,adult,female,,,,,human,Peter Desmet,,,,
b9da91c2-3dbc-42b8-a495-06b234f60670_1,b9da91c2-3dbc-42b8-a495-06b234f60670,animal,,DGP6,Anas platyrhynchos,3,subadult,,,,,,human,Peter Desmet,,,,
1b2d3e73-b95e-4217-90a1-4c45a75b00fe_1,1b2d3e73-b95e-4217-90a1-4c45a75b00fe,animal,,DGP6,Anas platyrhynchos,3,subadult,,,,,,human,Peter Desmet,,,,
da6db024-ce23-4438-9470-f7417cb9da76_1,da6db024-ce23-4438-9470-f7417cb9da76,animal,,DGP6,Anas platyrhynchos,3,subadult,,,,,,human,Peter Desmet,,,,
4a4c3a2e-39fc-4cb0-a650-810e5c904475_1,4a4c3a2e-39fc-4cb0-a650-810e5c904475,animal,,DGP6,Anas platyrhynchos,3,subadult,,,,,,human,Peter Desmet,,,,
59b38bc6-c0c9-4917-b924-c135d1cd4fe1_1,59b38bc6-c0c9-4917-b924-c135d1cd4fe1,animal,,DGP6,Anas platyrhynchos,3,subadult,,,,,,human,Peter Desmet,,,,
108f94c9-dbe6-49a5-a2f8-e76934ab0d8f_1,108f94c9-dbe6-49a5-a2f8-e76934ab0d8f,animal,,DGP6,Anas platyrhynchos,4,subadult,,,,,,human,Peter Desmet,,,,
cc50edaa-ec7d-4c1e-900c-8885e279f9dd_1,cc50edaa-ec7d-4c1e-900c-8885e279f9dd,animal,,DGP6,Anas platyrhynchos,4,subadult,,,,,,human,Peter Desmet,,,,
cb2cf96f-7ed0-42da-9ded-5fd99ef85cc1_1,cb2cf96f-7ed0-42da-9ded-5fd99ef85cc1,animal,,DGP6,Anas platyrhynchos,4,subadult,,,,,,human,Peter Desmet,,,,
0966e552-2b23-4a2a-a21f-8602bdfbf766_1,0966e552-2b23-4a2a-a21f-8602bdfbf766,animal,,DGP6,Anas platyrhynchos,4,subadult,,,,,,human,Peter Desmet,,,,
b6ff482b-32a5-43f0-aa03-84dfed50a290_1,b6ff482b-32a5-43f0-aa03-84dfed50a290,animal,,DGP6,Anas platyrhynchos,4,subadult,,,,,,human,Peter Desmet,,,,
89e33664-eb70-412f-97a4-8d830b820f46_1,89e33664-eb70-412f-97a4-8d830b820f46,animal,,DGP6,Anas platyrhynchos,2,subadult,,,,,,human,Peter Desmet,,,,
bba70d2c-6c19-4be9-91ec-25399d243d51_1,bba70d2c-6c19-4be9-91ec-25399d243d51,animal,,DGP6,Anas platyrhynchos,2,subadult,,,,,,human,Peter Desmet,,,,
3cd5626b-3b13-4fa1-a1f9-762d6a838b16_1,3cd5626b-3b13-4fa1-a1f9-762d6a838b16,animal,,DGP6,Anas platyrhynchos,2,subadult,,,,,,human,Peter Desmet,,,,
b3c59481-3869-4e91-a593-b2bbe8b8770c_1,b3c59481-3869-4e91-a593-b2bbe8b8770c,animal,,DGP6,Anas platyrhynchos,2,subadult,,,,,,human,Peter Desmet,,,,
f47cdfd8-3bae-4c17-8b1e-9b56a7e55e00_1,f47cdfd8-3bae-4c17-8b1e-9b56a7e55e00,animal,,DGP6,Anas platyrhynchos,2,subadult,,,,,,human,Peter Desmet,,,,
559ec9a8-b481-481e-98bc-2f97f6e5a1b5_1,559ec9a8-b481-481e-98bc-2f97f6e5a1b5,animal,,DGP6,Anas platyrhynchos,3,subadult,,,,,,human,Peter Desmet,,,,
48a94186-d7db-427b-b6af-6b18eba825e9_1,48a94186-d7db-427b-b6af-6b18eba825e9,animal,,DGP6,Anas platyrhynchos,3,subadult,,,,,,human,Peter Desmet,,,,
47e7bc9f-2d50-4b7c-b586-d6e314956a58_1,47e7bc9f-2d50-4b7c-b586-d6e314956a58,animal,,DGP6,Anas platyrhynchos,3,subadult,,,,,,human,Peter Desmet,,,,
2adb0dde-61ed-4994-b7ad-1f29dbf8ed4b_1,2adb0dde-61ed-4994-b7ad-1f29dbf8ed4b,animal,,DGP6,Anas platyrhynchos,3,subadult,,,,,,human,Peter Desmet,,,,
80ba0e0b-bbf5-46e4-bdf6-78b90fa876ad_1,80ba0e0b-bbf5-46e4-bdf6-78b90fa876ad,animal,,DGP6,Anas platyrhynchos,3,subadult,,,,,,human,Peter Desmet,,,,
27c6cb3d-2c61-469d-8940-16d50ab272c2_1,27c6cb3d-2c61-469d-8940-16d50ab272c2,animal,,DGP6,Anas platyrhynchos,3,subadult,,,,,,human,Peter Desmet,,,,
d32c67ed-09df-46c0-83e0-9aaa75303b6d_1,d32c67ed-09df-46c0-83e0-9aaa75303b6d,animal,,DGP6,Anas platyrhynchos,3,subadult,,,,,,human,Peter Desmet,,,,
be5d44fd-6d1b-454d-a0e9-7d07262f8372_1,be5d44fd-6d1b-454d-a0e9-7d07262f8372,animal,,DGP6,Anas platyrhynchos,3,subadult,,,,,,human,Peter Desmet,,,,
08b56231-4131-4dab-9894-55ae4ea46fc7_1,08b56231-4131-4dab-9894-55ae4ea46fc7,animal,,DGP6,Anas platyrhynchos,3,subadult,,,,,,human,Peter Desmet,,,,
ccb03b7e-d741-4d69-b5a4-36a1998c4372_1,ccb03b7e-d741-4d69-b5a4-36a1998c4372,animal,,DGP6,Anas platyrhynchos,3,subadult,,,,,,human,Peter Desmet,,,,
fbf8292b-3e46-4d09-a70f-65499ca75496_1,fbf8292b-3e46-4d09-a70f-65499ca75496,animal,,DGP6,Anas platyrhynchos,3,subadult,,,,,,human,Peter Desmet,,,,
5b71377d-abed-4d1e-ac25-9870a23b3e3d_1,5b71377d-abed-4d1e-ac25-9870a23b3e3d,animal,,DGP6,Anas platyrhynchos,2,subadult,,,,,,human,Peter Desmet,,,,
6c4db631-63db-4eca-8ca1-152a7f2bcc16_1,6c4db631-63db-4eca-8ca1-152a7f2bcc16,animal,,DGP6,Anas platyrhynchos,2,subadult,,,,,,human,Peter Desmet,,,,
a6a07d02-7817-4e7a-af80-4a1b9832a291_1,a6a07d02-7817-4e7a-af80-4a1b9832a291,animal,,DGP6,Anas platyrhynchos,2,subadult,,,,,,human,Peter Desmet,,,,
73efdfb6-0d6c-49e8-8c17-8672b0b6700f_1,73efdfb6-0d6c-49e8-8c17-8672b0b6700f,animal,,DGP6,Anas platyrhynchos,2,subadult,,,,,,human,Peter Desmet,,,,
dbe27f82-d136-4d4b-8d89-27145c0eef77_1,dbe27f82-d136-4d4b-8d89-27145c0eef77,animal,,DGP6,Anas platyrhynchos,3,subadult,,,,,,human,Peter Desmet,,,,
9a14a118-92ad-4030-bc4b-cb78a16c2bdb_1,9a14a118-92ad-4030-bc4b-cb78a16c2bdb,animal,,DGP6,Anas platyrhynchos,3,subadult,,,,,,human,Peter Desmet,,,,
4b414100-5b0f-46d8-b9be-823efff0c210_1,4b414100-5b0f-46d8-b9be-823efff0c210,animal,,DGP6,Anas platyrhynchos,3,subadult,,,,,,human,Peter Desmet,,,,
fa90a9a6-cba5-4b1b-b467-9cc5a763548e_1,fa90a9a6-cba5-4b1b-b467-9cc5a763548e,animal,,DGP6,Anas platyrhynchos,3,subadult,,,,,,human,Peter Desmet,,,,
1564e7e4-f828-4e2d-9b82-959378c6f2c9_1,1564e7e4-f828-4e2d-9b82-959378c6f2c9,animal,,DGP6,Anas platyrhynchos,3,subadult,,,,,,human,Peter Desmet,,,,
6578077a-1be5-4725-8c42-f84abe27b4cc_1,6578077a-1be5-4725-8c42-f84abe27b4cc,animal,,DGP6,Anas platyrhynchos,3,subadult,,,,,,human,Peter Desmet,,,,
eb0801ce-b313-43d5-811c-c094d661479f_1,eb0801ce-b313-43d5-811c-c094d661479f,animal,,DGP6,Anas platyrhynchos,2,subadult,,,,,,human,Peter Desmet,,,,
ef8b850b-32ca-47a6-a513-3b41909eae43_1,ef8b850b-32ca-47a6-a513-3b41909eae43,animal,,DGP6,Anas platyrhynchos,2,subadult,,,,,,human,Peter Desmet,,,,
da457b46-0d02-4713-afe8-657c1e9dbcbd_1,da457b46-0d02-4713-afe8-657c1e9dbcbd,animal,,DGP6,Anas platyrhynchos,2,subadult,,,,,,human,Peter Desmet,,,,
5eaf82c8-f417-4f39-b862-0a785f69485a_1,5eaf82c8-f417-4f39-b862-0a785f69485a,animal,,DGP6,Anas platyrhynchos,2,subadult,,,,,,human,Peter Desmet,,,,
a961b9e3-b4b0-4775-8de7-f43f36a2e792_1,a961b9e3-b4b0-4775-8de7-f43f36a2e792,animal,,DGP6,Anas platyrhynchos,3,subadult,,,,,,human,Peter Desmet,,,,
1175ff4d-d6f6-4e16-bfc6-6793339d0635_1,1175ff4d-d6f6-4e16-bfc6-6793339d0635,animal,,DGP6,Anas platyrhynchos,3,subadult,,,,,,human,Peter Desmet,,,,
87867967-9555-4d50-8aa8-5d70b40c1494_1,87867967-9555-4d50-8aa8-5d70b40c1494,animal,,DGP6,Anas platyrhynchos,3,subadult,,,,,,human,Peter Desmet,,,,
a413d1d3-3a27-494a-b19c-661be314c60a_1,a413d1d3-3a27-494a-b19c-661be314c60a,animal,,DGP6,Anas platyrhynchos,3,subadult,,,,,,human,Peter Desmet,,,,
ed688d21-8d1c-47fa-9caf-862506d4e8d9_1,ed688d21-8d1c-47fa-9caf-862506d4e8d9,animal,,DGP6,Anas platyrhynchos,3,subadult,,,,,,human,Peter Desmet,,,,
cc337594-31b5-4c06-a28f-399d46df0740_1,cc337594-31b5-4c06-a28f-399d46df0740,animal,,DGP6,Anas platyrhynchos,3,subadult,,,,,,human,Peter Desmet,,,,
3bf07ad2-8f06-4d6b-b610-a7569024426e_1,3bf07ad2-8f06-4d6b-b610-a7569024426e,animal,,DGP6,Anas platyrhynchos,3,subadult,,,,,,human,Peter Desmet,,,,
bdf0a9e8-e5e6-4487-b4bb-64c8de88070f_1,bdf0a9e8-e5e6-4487-b4bb-64c8de88070f,animal,,DGP6,Anas platyrhynchos,3,subadult,,,,,,human,Peter Desmet,,,,
7c5e4e07-bd98-4426-985e-e30d03e40acf_1,7c5e4e07-bd98-4426-985e-e30d03e40acf,animal,,DGP6,Anas platyrhynchos,2,subadult,,,,,,human,Peter Desmet,,,,
745a7960-d94f-488e-a48b-a4d1dc4557fb_1,745a7960-d94f-488e-a48b-a4d1dc4557fb,animal,,DGP6,Anas platyrhynchos,2,subadult,,,,,,human,Peter Desmet,,,,
d6c62df3-5c9f-4dc8-b6ac-db3d7a4eba9c_1,d6c62df3-5c9f-4dc8-b6ac-db3d7a4eba9c,animal,,DGPL,Anas strepera,1,subadult,,,,,,human,Peter Desmet,,,,
64e03524-684b-460f-8e73-04ba098b26e4_1,64e03524-684b-460f-8e73-04ba098b26e4,animal,,DGPL,Anas strepera,1,subadult,,,,,,human,Peter Desmet,,,,
b6de2aaf-b091-4710-9035-b87ee29aa9ac_1,b6de2aaf-b091-4710-9035-b87ee29aa9ac,animal,,DGPL,Anas strepera,1,subadult,,,,,,human,Peter Desmet,,,,
6180f232-d684-4570-8661-9490a5f0e35b_1,6180f232-d684-4570-8661-9490a5f0e35b,animal,,DGPL,Anas strepera,1,subadult,,,,,,human,Peter Desmet,,,,
6dc44acb-9909-4603-9021-1d79a7d9e0d5_1,6dc44acb-9909-4603-9021-1d79a7d9e0d5,animal,,DGPL,Anas strepera,1,subadult,,,,,,human,Peter Desmet,,,,
e87af601-3d5f-45a4-aa86-c2183c08978c_1,e87af601-3d5f-45a4-aa86-c2183c08978c,animal,,DGPL,Anas strepera,1,subadult,,,,,,human,Peter Desmet,,,,
4776e031-412a-4099-a5e1-163dec5f4fe7_1,4776e031-412a-4099-a5e1-163dec5f4fe7,blank,,,,,,,,,,,human,Peter Desmet,,,,
b140bd0c-3689-417b-bd82-6ee791acc13b_1,b140bd0c-3689-417b-bd82-6ee791acc13b,blank,,,,,,,,,,,human,Peter Desmet,,,,
9d0e655e-0b3a-4884-8078-79c997ca0cd2_1,9d0e655e-0b3a-4884-8078-79c997ca0cd2,blank,,,,,,,,,,,human,Peter Desmet,,,,
7c304fdb-3b40-41d5-9bc1-a9fafb24071f_1,7c304fdb-3b40-41d5-9bc1-a9fafb24071f,blank,,,,,,,,,,,human,Peter Desmet,,,,
e9ccfa09-2419-408f-bdbb-def4f90c4c21_1,e9ccfa09-2419-408f-bdbb-def4f90c4c21,animal,,V2,Aves,1,,,,,,,human,Peter Desmet,,,,
b5781dba-e9ba-42b5-805e-625faefda565_1,b5781dba-e9ba-42b5-805e-625faefda565,animal,,V2,Aves,1,,,,,,,human,Peter Desmet,,,,
459dddf7-0b00-45d7-8020-15d7bbc7f667_1,459dddf7-0b00-45d7-8020-15d7bbc7f667,animal,,V2,Aves,1,,,,,,,human,Peter Desmet,,,,
ecf09d2b-0e41-47db-983d-f8eb8be55a34_1,ecf09d2b-0e41-47db-983d-f8eb8be55a34,animal,,V2,Aves,1,,,,,,,human,Peter Desmet,,,,
36c14ad3-6db5-41e2-921b-adbfdf0e784b_1,36c14ad3-6db5-41e2-921b-adbfdf0e784b,animal,,V2,Aves,1,,,,,,,human,Peter Desmet,,,,
e61ffa75-87bc-4fe1-b74a-2505e86bbe8f_1,e61ffa75-87bc-4fe1-b74a-2505e86bbe8f,animal,,V2,Aves,1,,,,,,,human,Peter Desmet,,,,
76490dff-ea98-4a31-9512-67c2700a1af4_1,76490dff-ea98-4a31-9512-67c2700a1af4,animal,,V2,Aves,1,,,,,,,human,Peter Desmet,,,,
f28ece39-6196-4854-8720-77961f009cb1_1,f28ece39-6196-4854-8720-77961f009cb1,animal,,V2,Aves,1,,,,,,,human,Peter Desmet,,,,
832a486a-2ef3-4ed1-9e53-d95aba3a2a6b_1,832a486a-2ef3-4ed1-9e53-d95aba3a2a6b,animal,,V2,Aves,1,,,,,,,human,Peter Desmet,,,,
aaf4fd97-a6c6-465c-80cd-f3b2e99840ea_1,aaf4fd97-a6c6-465c-80cd-f3b2e99840ea,animal,,V2,Aves,1,,,,,,,human,Peter Desmet,,,,
b42ddc97-9c08-4518-b6ac-34b0e63a0e50_1,b42ddc97-9c08-4518-b6ac-34b0e63a0e50,blank,,,,,,,,,,,human,Peter Desmet,,,,
72a7147a-2742-4a2f-b33c-1344f16767d2_1,72a7147a-2742-4a2f-b33c-1344f16767d2,blank,,,,,,,,,,,human,Peter Desmet,,,,
44201e9e-7cfe-43d8-9c3e-551a0f40145d_1,44201e9e-7cfe-43d8-9c3e-551a0f40145d,unknown,,,,1,,,,,,,human,Peter Desmet,,,,
4c8086c7-9b32-4ef1-b60f-8cb2d231f79f_1,4c8086c7-9b32-4ef1-b60f-8cb2d231f79f,blank,,,,1,,,,,,,human,Peter Desmet,,,,
aea55534-89fd-4c55-ab8e-21e000f344cb_1,aea55534-89fd-4c55-ab8e-21e000f344cb,blank,,,,1,,,,,,,human,Peter Desmet,,,,
7329cccb-3f1c-458e-9e97-3c10dbfa6598_1,7329cccb-3f1c-458e-9e97-3c10dbfa6598,blank,,,,1,,,,,,,human,Peter Desmet,,,,
46fb91af-5825-4a72-ae1d-a152e00aef43_1,46fb91af-5825-4a72-ae1d-a152e00aef43,blank,,,,1,,,,,,,human,Peter Desmet,,,,
8608b7ef-00e2-4585-acdf-86665f885a57_1,8608b7ef-00e2-4585-acdf-86665f885a57,blank,,,,1,,,,,,,human,Peter Desmet,,,,
6709f244-9c70-4a77-ab16-b4d607425b59_1,6709f244-9c70-4a77-ab16-b4d607425b59,blank,,,,1,,,,,,,human,Peter Desmet,,,,
d1f2810a-8814-4b1a-91b7-9c43f1b61581_1,d1f2810a-8814-4b1a-91b7-9c43f1b61581,blank,,,,1,,,,,,,human,Peter Desmet,,,,
fe0b0683-3e3d-4af9-b15f-65634930d178_1,fe0b0683-3e3d-4af9-b15f-65634930d178,blank,,,,1,,,,,,,human,Peter Desmet,,,,
a4a2edd4-c034-42ee-910b-9344990be7f8_1,a4a2edd4-c034-42ee-910b-9344990be7f8,blank,,,,1,,,,,,,human,Peter Desmet,,,,
a8848796-07ce-40e5-95ec-c9436f7ed919_1,a8848796-07ce-40e5-95ec-c9436f7ed919,animal,,44QYC,Mustela putorius,1,adult,,,,,,human,Peter Desmet,,,,
e470918a-4d8e-4601-8e46-dbb90da0ce66_1,e470918a-4d8e-4601-8e46-dbb90da0ce66,animal,,44QYC,Mustela putorius,1,adult,,,,,,human,Peter Desmet,,,,
5ff74dc7-ad0f-465f-8a24-7ab2e32e617d_1,5ff74dc7-ad0f-465f-8a24-7ab2e32e617d,animal,,44QYC,Mustela putorius,1,adult,,,,,,human,Peter Desmet,,,,
27e8fb0c-f3ce-4453-92b5-6f4a3b1bca4d_1,27e8fb0c-f3ce-4453-92b5-6f4a3b1bca4d,blank,,,,,,,,,,,human,Peter Desmet,,,,
9721100f-a512-4348-b050-5b4e8f568208_1,9721100f-a512-4348-b050-5b4e8f568208,blank,,,,,,,,,,,human,Peter Desmet,,,,
356cae2f-2c95-416e-85ca-1d32e4670f6a_1,356cae2f-2c95-416e-85ca-1d32e4670f6a,blank,,,,,,,,,,,human,Peter Desmet,,,,
0ec13e8a-1768-4d51-9be9-be810b0d9f82_1,0ec13e8a-1768-4d51-9be9-be810b0d9f82,blank,,,,,,,,,,,human,Peter Desmet,,,,
fde2387d-6ca9-475f-bdf9-f37b1599ef40_1,fde2387d-6ca9-475f-bdf9-f37b1599ef40,blank,,,,,,,,,,,human,Peter Desmet,,,,
e41c5c84-e8b3-4a7a-97ec-6bb9903e9286_1,e41c5c84-e8b3-4a7a-97ec-6bb9903e9286,blank,,,,,,,,,,,human,Peter Desmet,,,,
1d268bc4-c1e5-4593-8844-6270ee93d1c5_1,1d268bc4-c1e5-4593-8844-6270ee93d1c5,blank,,,,,,,,,,,human,Peter Desmet,,,,
91de8c9e-93a2-4828-afaf-e21370118402_1,91de8c9e-93a2-4828-afaf-e21370118402,animal,,44QYC,Mustela putorius,1,adult,,,,,,human,Peter Desmet,,,,
7f0758ac-5f3c-4857-bfb7-9222c2414b34_1,7f0758ac-5f3c-4857-bfb7-9222c2414b34,animal,,44QYC,Mustela putorius,1,adult,,,,,,human,Peter Desmet,,,,
7fc6cb24-9a1b-4cd2-a5a0-c89e6d67107f_1,7fc6cb24-9a1b-4cd2-a5a0-c89e6d67107f,animal,,44QYC,Mustela putorius,1,adult,,,,,,human,Peter Desmet,,,,
a7471c68-30fb-4ca0-b21e-e83b54598298_1,a7471c68-30fb-4ca0-b21e-e83b54598298,blank,,44QYC,,,,,,,,,human,Peter Desmet,,,,
bb7db1c9-b135-4e69-a4e0-e392f2d107eb_1,bb7db1c9-b135-4e69-a4e0-e392f2d107eb,blank,,44QYC,,,,,,,,,human,Peter Desmet,,,,
5b0ccf8a-4696-4814-8bb6-c96bb248bc3f_1,5b0ccf8a-4696-4814-8bb6-c96bb248bc3f,blank,,44QYC,,,,,,,,,human,Peter Desmet,,,,
b2d9a8fd-26dd-4b8a-b1c2-72af24345678_1,b2d9a8fd-26dd-4b8a-b1c2-72af24345678,blank,,44QYC,,,,,,,,,human,Peter Desmet,,,,
85d6e8af-2a0f-4fdb-b97b-9748f4306bd2_1,85d6e8af-2a0f-4fdb-b97b-9748f4306bd2,blank,,44QYC,,,,,,,,,human,Peter Desmet,,,,
44ea67af-a429-4b42-954e-8e4da73105ce_1,44ea67af-a429-4b42-954e-8e4da73105ce,blank,,44QYC,,,,,,,,,human,Peter Desmet,,,,
8e22f5a4-7655-45e4-ae15-a0ff93772ef5_1,8e22f5a4-7655-45e4-ae15-a0ff93772ef5,blank,,44QYC,,,,,,,,,human,Peter Desmet,,,,
f011d0e6-bb8b-4d90-a8de-ac5f4aa0646d_1,f011d0e6-bb8b-4d90-a8de-ac5f4aa0646d,animal,,5BSG3,Vulpes vulpes,1,adult,,,,,,human,Peter Desmet,,,,
b3374ef1-9b71-47a4-9c86-e56491b9d51e_1,b3374ef1-9b71-47a4-9c86-e56491b9d51e,animal,,5BSG3,Vulpes vulpes,1,adult,,,,,,human,Peter Desmet,,,,
1c601054-f435-4f12-bc32-a0d120b33f63_1,1c601054-f435-4f12-bc32-a0d120b33f63,animal,,5BSG3,Vulpes vulpes,1,adult,,,,,,human,Peter Desmet,,,,
b43f1608-acb7-46f4-a601-706942323b13_1,b43f1608-acb7-46f4-a601-706942323b13,animal,,5BSG3,Vulpes vulpes,1,adult,,,,,,human,Peter Desmet,,,,
81523d1f-f89f-4383-a805-ac5e1fdcefc7_1,81523d1f-f89f-4383-a805-ac5e1fdcefc7,animal,,5BSG3,Vulpes vulpes,1,adult,,,,,,human,Peter Desmet,,,,
f4a5ec0f-9376-49a3-b001-be4f4348b86d_1,f4a5ec0f-9376-49a3-b001-be4f4348b86d,animal,,5BSG3,Vulpes vulpes,1,adult,,,,,,human,Peter Desmet,,,,
5e8f4538-8f52-4cd5-84d0-db7e5b5ea192_1,5e8f4538-8f52-4cd5-84d0-db7e5b5ea192,blank,,,,,,,,,,,human,Peter Desmet,,,,
ee7f52c4-d248-47bd-a2b0-2648f34c9b64_1,ee7f52c4-d248-47bd-a2b0-2648f34c9b64,blank,,,,,,,,,,,human,Peter Desmet,,,,
825e9af1-c160-4a75-864a-6ff014e05c6b_1,825e9af1-c160-4a75-864a-6ff014e05c6b,blank,,,,,,,,,,,human,Peter Desmet,,,,
2e611f13-9519-4706-9843-49bbfec48c00_1,2e611f13-9519-4706-9843-49bbfec48c00,blank,,,,,,,,,,,human,Peter Desmet,,,,
e9c1a382-40f4-4f28-9bc0-ad5b48ca8ed3_1,e9c1a382-40f4-4f28-9bc0-ad5b48ca8ed3,animal,,3Y9VW,Martes foina,1,adult,,,,,,human,Peter Desmet,,,,
3e0b2565-5aea-4128-b990-a1c42249a45b_1,3e0b2565-5aea-4128-b990-a1c42249a45b,animal,,3Y9VW,Martes foina,1,adult,,,,,,human,Peter Desmet,,,,
58501b0d-0c6f-47e3-9e4a-ed39f41cc213_1,58501b0d-0c6f-47e3-9e4a-ed39f41cc213,animal,,3Y9VW,Martes foina,1,adult,,,,,,human,Peter Desmet,,,,
9bbdcb82-0c79-4fb3-8132-c7b9f6120bd0_1,9bbdcb82-0c79-4fb3-8132-c7b9f6120bd0,animal,,3Y9VW,Martes foina,1,adult,,,,,,human,Peter Desmet,,,,
9a4c6e25-327d-481e-9060-c08b3848ed72_1,9a4c6e25-327d-481e-9060-c08b3848ed72,animal,,3Y9VW,Martes foina,1,adult,,,,,,human,Peter Desmet,,,,
eb72150b-fa00-4987-b1d2-557f8d66e6fc_1,eb72150b-fa00-4987-b1d2-557f8d66e6fc,animal,,3Y9VW,Martes foina,1,adult,,,,,,human,Peter Desmet,,,,
9d18218f-b4d1-4eb8-b9d2-b4b5adc265bd_1,9d18218f-b4d1-4eb8-b9d2-b4b5adc265bd,animal,,3Y9VW,Martes foina,1,adult,,,,,,human,Peter Desmet,,,,
22d2744a-f87b-4ee7-8037-9815f6a96c5e_1,22d2744a-f87b-4ee7-8037-9815f6a96c5e,animal,,3Y9VW,Martes foina,1,adult,,,,,,human,Peter Desmet,,,,
b1035c2c-7e19-4369-b4f1-11b5dc281269_1,b1035c2c-7e19-4369-b4f1-11b5dc281269,animal,,3Y9VW,Martes foina,1,adult,,,,,,human,Peter Desmet,,,,
5549cb29-d0a8-43c8-9e8f-34041658c907_1,5549cb29-d0a8-43c8-9e8f-34041658c907,animal,,3Y9VW,Martes foina,1,adult,,,,,,human,Peter Desmet,,,,
b1d97da9-9008-4a5b-a6a8-55a3cdc52c89_1,b1d97da9-9008-4a5b-a6a8-55a3cdc52c89,blank,,,,,,,,,,,human,Peter Desmet,,,,
66b353fe-41a1-45ed-9854-fb842a610a13_1,66b353fe-41a1-45ed-9854-fb842a610a13,animal,,44QYC,Mustela putorius,1,adult,,,,,,human,Peter Desmet,,,,
70e796b3-2ab2-4e9d-8e52-65f1031deb0e_1,70e796b3-2ab2-4e9d-8e52-65f1031deb0e,animal,,44QYC,Mustela putorius,1,adult,,,,,,human,Peter Desmet,,,,
920395a6-cfa6-4ec6-9eba-d0c3a0301b50_1,920395a6-cfa6-4ec6-9eba-d0c3a0301b50,animal,,44QYC,Mustela putorius,1,adult,,,,,,human,Peter Desmet,,,,
00459931-4c83-42fb-b73c-ef37fc95835b_1,00459931-4c83-42fb-b73c-ef37fc95835b,blank,,,,,,,,,,,human,Peter Desmet,,,,
19e4aad1-dc43-4c15-b708-8b64ea6c1ca3_1,19e4aad1-dc43-4c15-b708-8b64ea6c1ca3,blank,,,,,,,,,,,human,Peter Desmet,,,,
98e3c269-18b7-4cbe-98e5-aade1934fed9_1,98e3c269-18b7-4cbe-98e5-aade1934fed9,blank,,,,,,,,,,,human,Peter Desmet,,,,
0369fc25-6f1a-4137-9ee2-d33abde96275_1,0369fc25-6f1a-4137-9ee2-d33abde96275,blank,,,,,,,,,,,human,Peter Desmet,,,,
887f68b4-4c47-4847-9547-a767e534c45e_1,887f68b4-4c47-4847-9547-a767e534c45e,blank,,,,,,,,,,,human,Peter Desmet,,,,
fd0b77ba-7695-4174-915d-0a7b7c217fe7_1,fd0b77ba-7695-4174-915d-0a7b7c217fe7,blank,,,,,,,,,,,human,Peter Desmet,,,,
5ca80c6b-6993-4974-8374-fd688d915e28_1,5ca80c6b-6993-4974-8374-fd688d915e28,blank,,,,,,,,,,,human,Peter Desmet,,,,
fb58a2b9-dc35-4297-a194-a340b082c8e8_1,fb58a2b9-dc35-4297-a194-a340b082c8e8,animal,,V2,Aves,1,,,,,,,human,Peter Desmet,,,,
0bb2566e-a1b8-48d8-9c5b-3dbec3a7f832_1,0bb2566e-a1b8-48d8-9c5b-3dbec3a7f832,blank,,,,,,,,,,,human,Peter Desmet,,,,
a6a7a04c-9eb8-46dd-b1a2-fa3f1eb9def5_1,a6a7a04c-9eb8-46dd-b1a2-fa3f1eb9def5,blank,,,,,,,,,,,human,Peter Desmet,,,,
f47b05e6-bbfb-4844-bd2d-004104cb7c08_1,f47b05e6-bbfb-4844-bd2d-004104cb7c08,blank,,,,,,,,,,,human,Peter Desmet,,,,
8c541e7b-c1ce-4fa7-b6e2-6167ee336471_1,8c541e7b-c1ce-4fa7-b6e2-6167ee336471,blank,,,,,,,,,,,human,Peter Desmet,,,,
e6c2cb72-2b65-4384-a428-e066ab5b0520_1,e6c2cb72-2b65-4384-a428-e066ab5b0520,blank,,,,,,,,,,,human,Peter Desmet,,,,
3945bb1f-5dd1-4df0-97a0-e7e1823a1531_1,3945bb1f-5dd1-4df0-97a0-e7e1823a1531,blank,,,,,,,,,,,human,Peter Desmet,,,,
ad62d7b9-2c4e-4527-be9a-725ca5295bb2_1,ad62d7b9-2c4e-4527-be9a-725ca5295bb2,blank,,,,,,,,,,,human,Peter Desmet,,,,
7b95c483-b427-4b32-96ab-eb478730e9b0_1,7b95c483-b427-4b32-96ab-eb478730e9b0,blank,,,,,,,,,,,human,Peter Desmet,,,,
f24826a2-dafa-408b-aa46-6629e847ff65_1,f24826a2-dafa-408b-aa46-6629e847ff65,blank,,,,,,,,,,,human,Peter Desmet,,,,
6adcb0d3-daa3-4d24-8c1a-d870d1e8aed1_1,6adcb0d3-daa3-4d24-8c1a-d870d1e8aed1,blank,,,,,,,,,,,human,Peter Desmet,,,,
6cfb86c2-fd44-4477-a5dd-88ed796fc4bd_1,6cfb86c2-fd44-4477-a5dd-88ed796fc4bd,blank,,,,,,,,,,,human,Peter Desmet,,,,
8bfed477-5656-499c-8ba2-7708d739df94_1,8bfed477-5656-499c-8ba2-7708d739df94,blank,,,,,,,,,,,human,Peter Desmet,,,,
ea08135b-7367-486d-848d-2e827fb5040a_1,ea08135b-7367-486d-848d-2e827fb5040a,blank,,,,,,,,,,,human,Peter Desmet,,,,
32e60a80-1ae5-4b23-99b3-053e562d8d1b_1,32e60a80-1ae5-4b23-99b3-053e562d8d1b,blank,,,,,,,,,,,human,Peter Desmet,,,,
c06b89ab-58bd-4bba-9d71-760228ce49f3_1,c06b89ab-58bd-4bba-9d71-760228ce49f3,blank,,,,,,,,,,,human,Peter Desmet,,,,
dbcdbe76-0ec8-457a-8512-07cc1a6d0f79_1,dbcdbe76-0ec8-457a-8512-07cc1a6d0f79,blank,,,,,,,,,,,human,Peter Desmet,,,,
4505f794-4d90-4abb-a741-455d49f27fe5_1,4505f794-4d90-4abb-a741-455d49f27fe5,blank,,,,,,,,,,,human,Peter Desmet,,,,
77168866-2a9a-457b-a983-34e8086015e9_1,77168866-2a9a-457b-a983-34e8086015e9,blank,,,,,,,,,,,human,Peter Desmet,,,,
8076df58-bec8-45e4-b4b5-8550ffc05aae_1,8076df58-bec8-45e4-b4b5-8550ffc05aae,blank,,,,,,,,,,,human,Peter Desmet,,,,
0e98b93e-6240-490e-b4db-31ea7b643953_1,0e98b93e-6240-490e-b4db-31ea7b643953,animal,,32FH,Ardea,1,,,,,,,machine,Western Europe species model Version 1,2021-07-05T11:43:57Z,0.9,,
be8fe0df-5551-44f3-b114-a8d8a5c3fc11_1,be8fe0df-5551-44f3-b114-a8d8a5c3fc11,animal,,32FH,Ardea,1,,,,,,,machine,Western Europe species model Version 1,2021-07-05T11:43:57Z,0.9,,
13b58ff5-7ed9-46d2-b3f8-e698600e931e_1,13b58ff5-7ed9-46d2-b3f8-e698600e931e,animal,,32FH,Ardea,1,,,,,,,machine,Western Europe species model Version 1,2021-07-05T11:43:57Z,0.9,,
d8427514-a4cd-4787-8728-da4433ccc571_1,d8427514-a4cd-4787-8728-da4433ccc571,animal,,32FH,Ardea,1,,,,,,,machine,Western Europe species model Version 1,2021-07-05T11:43:57Z,0.9,,
2e2ae3f0-9b98-4637-9e4d-bbdf8eee920c_1,2e2ae3f0-9b98-4637-9e4d-bbdf8eee920c,animal,,32FH,Ardea,1,,,,,,,machine,Western Europe species model Version 1,2021-07-05T11:43:57Z,0.9,,
a552145d-9949-4355-9523-02198a523437_1,a552145d-9949-4355-9523-02198a523437,animal,,32FH,Ardea,1,,,,,,,machine,Western Europe species model Version 1,2021-07-05T11:43:57Z,0.9,,
1bd866b3-5c99-42c8-b4a0-75a547fd8760_1,1bd866b3-5c99-42c8-b4a0-75a547fd8760,animal,,32FH,Ardea,1,,,,,,,machine,Western Europe species model Version 1,2021-07-05T11:43:57Z,0.9,,
bf610120-bc41-4c87-95ac-8c8849d203ce_1,bf610120-bc41-4c87-95ac-8c8849d203ce,animal,,32FH,Ardea,1,,,,,,,machine,Western Europe species model Version 1,2021-07-05T11:43:57Z,0.9,,
abcc45d4-4314-449f-8dca-1732e134dfac_1,abcc45d4-4314-449f-8dca-1732e134dfac,animal,,32FH,Ardea,1,,,,,,,machine,Western Europe species model Version 1,2021-07-05T11:43:57Z,0.9,,
1065da4b-2f09-48e8-9819-48fa045014a7_1,1065da4b-2f09-48e8-9819-48fa045014a7,animal,,32FH,Ardea,1,,,,,,,machine,Western Europe species model Version 1,2021-07-05T11:43:57Z,0.9,,
7ab33b3a-158b-42c5-a7e8-444eb5760524_1,7ab33b3a-158b-42c5-a7e8-444eb5760524,animal,,GCHS,Ardea cinerea,1,adult,,,,,,human,Peter Desmet,,,,
d9ef08ec-a823-4c65-8e01-47f681239d6e_1,d9ef08ec-a823-4c65-8e01-47f681239d6e,animal,,GCHS,Ardea cinerea,1,adult,,,,,,human,Peter Desmet,,,,
aebe5b85-8210-4217-8b2b-eefcd74be761_1,aebe5b85-8210-4217-8b2b-eefcd74be761,animal,,GCHS,Ardea cinerea,1,adult,,,,,,human,Peter Desmet,,,,
e638613e-7970-4c5c-ba10-cd5cf8becd76_1,e638613e-7970-4c5c-ba10-cd5cf8becd76,animal,,GCHS,Ardea cinerea,1,adult,,,,,,human,Peter Desmet,,,,
c40a4854-da90-43ab-82b5-3a3b1ac59c90_1,c40a4854-da90-43ab-82b5-3a3b1ac59c90,animal,,GCHS,Ardea cinerea,1,adult,,,,,,human,Peter Desmet,,,,
fd2f32cc-1c0e-4d0a-9481-327f1cdf11fa_1,fd2f32cc-1c0e-4d0a-9481-327f1cdf11fa,animal,,GCHS,Ardea cinerea,1,adult,,,,,,human,Peter Desmet,,,,
b6a04f58-9c4c-4a8d-9cc1-587609666e75_1,b6a04f58-9c4c-4a8d-9cc1-587609666e75,animal,,GCHS,Ardea cinerea,1,adult,,,,,,human,Peter Desmet,,,,
9c58aea8-7719-49e4-93e5-a3c350638ad8_1,9c58aea8-7719-49e4-93e5-a3c350638ad8,animal,,GCHS,Ardea cinerea,1,adult,,,,,,human,Peter Desmet,,,,
ad03acb4-b8eb-4296-b0b8-e2c70e05fb96_1,ad03acb4-b8eb-4296-b0b8-e2c70e05fb96,animal,,GCHS,Ardea cinerea,1,adult,,,,,,human,Peter Desmet,,,,
3b185b03-f500-4359-9eab-a49911801632_1,3b185b03-f500-4359-9eab-a49911801632,animal,,GCHS,Ardea cinerea,1,adult,,,,,,human,Peter Desmet,,,,
bfadfe88-7495-4a32-bb73-3461a729bfd3_1,bfadfe88-7495-4a32-bb73-3461a729bfd3,vehicle,,,,,,,,,,,human,Peter Desmet,,,,
275deb54-9e6d-4298-b1d4-cf2042bb59bf_1,275deb54-9e6d-4298-b1d4-cf2042bb59bf,vehicle,,,,,,,,,,,human,Peter Desmet,,,,
570ecf96-a781-46b6-a6d4-b1ec9b066d9a_1,570ecf96-a781-46b6-a6d4-b1ec9b066d9a,vehicle,,,,,,,,,,,human,Peter Desmet,,,,
ce438e1e-1eb0-4c35-bb0a-7670b3fae086_1,ce438e1e-1eb0-4c35-bb0a-7670b3fae086,vehicle,,,,,,,,,,,human,Peter Desmet,,,,
c4717648-bc0c-4e32-942c-db71e7bc94a0_1,c4717648-bc0c-4e32-942c-db71e7bc94a0,vehicle,,,,,,,,,,,human,Peter Desmet,,,,
c9d208de-fa16-485a-950f-7d18ae6e45dd_1,c9d208de-fa16-485a-950f-7d18ae6e45dd,vehicle,,,,,,,,,,,human,Peter Desmet,,,,
b15c8801-41a5-4667-9bb6-2a8dccf786a1_1,b15c8801-41a5-4667-9bb6-2a8dccf786a1,vehicle,,,,,,,,,,,human,Peter Desmet,,,,
c1232e57-193d-4a70-99e9-b4623a1ec6e2_1,c1232e57-193d-4a70-99e9-b4623a1ec6e2,vehicle,,,,,,,,,,,human,Peter Desmet,,,,
318ff953-68fc-4b20-afa1-407226fa7284_1,318ff953-68fc-4b20-afa1-407226fa7284,vehicle,,,,,,,,,,,human,Peter Desmet,,,,
aae72fb7-1f97-429f-ab50-9f2c1ce881ea_1,aae72fb7-1f97-429f-ab50-9f2c1ce881ea,vehicle,,,,,,,,,,,human,Peter Desmet,,,,
74191045-23a4-4a67-979f-152b105f3b8d_1,74191045-23a4-4a67-979f-152b105f3b8d,vehicle,,,,,,,,,,,human,Peter Desmet,,,,
ca438b6e-4a8a-4562-96cb-78441aeff62a_1,ca438b6e-4a8a-4562-96cb-78441aeff62a,vehicle,,,,,,,,,,,human,Peter Desmet,,,,
6553c759-be10-429d-8350-3e3fc8eb68f2_1,6553c759-be10-429d-8350-3e3fc8eb68f2,vehicle,,,,,,,,,,,human,Peter Desmet,,,,
3cdc7150-02f9-429b-9e3f-b1fa65f9637f_1,3cdc7150-02f9-429b-9e3f-b1fa65f9637f,vehicle,,,,,,,,,,,human,Peter Desmet,,,,
6aa70e67-03ac-42ee-b379-5be9a21d68b1_1,6aa70e67-03ac-42ee-b379-5be9a21d68b1,vehicle,,,,,,,,,,,human,Peter Desmet,,,,
040c2aee-b669-475f-ab19-8b2049484b02_1,040c2aee-b669-475f-ab19-8b2049484b02,vehicle,,,,,,,,,,,human,Peter Desmet,,,,
eb6d85bb-c17a-481e-be5c-554ce31c7713_1,eb6d85bb-c17a-481e-be5c-554ce31c7713,vehicle,,,,,,,,,,,human,Peter Desmet,,,,
f77f9bf2-b7b1-4d0a-a4f9-dbf6dbe5fbb1_1,f77f9bf2-b7b1-4d0a-a4f9-dbf6dbe5fbb1,vehicle,,,,,,,,,,,human,Peter Desmet,,,,
813bafb2-befe-45fa-b0e3-080f1f019a70_1,813bafb2-befe-45fa-b0e3-080f1f019a70,vehicle,,,,,,,,,,,human,Peter Desmet,,,,
d8dcff7f-4b50-4ba7-a279-31194a7031b0_1,d8dcff7f-4b50-4ba7-a279-31194a7031b0,vehicle,,,,,,,,,,,human,Peter Desmet,,,,
