mediaID,deploymentID,captureMethod,timestamp,filePath,filePublic,fileName,fileMediatype,exifData,favorite,mediaComments
07840dcc,00a2c20d,activityDetection,2020-05-30T04:57:37+02:00,https://multimedia.agouti.eu/assets/07840dcc-0d99-4ab4-973b-7e4a8e20b56d/file,true,20200709093328-RCNX0001.JPG,image/jpeg,,,
401386c7,00a2c20d,activityDetection,2020-05-30T04:57:40+02:00,https://multimedia.agouti.eu/assets/401386c7-cc7a-46e5-9160-48c6158624a3/file,true,20200709093328-RCNX0002.JPG,image/jpeg,,,
ca3ff293,00a2c20d,activityDetection,2020-05-30T04:57:40+02:00,https://multimedia.agouti.eu/assets/ca3ff293-89a4-425d-a853-5572837c5b83/file,true,20200709093328-RCNX0003.JPG,image/jpeg,,,
e8b8e44c,00a2c20d,activityDetection,2020-05-30T04:57:41+02:00,https://multimedia.agouti.eu/assets/e8b8e44c-491c-45d2-8928-aa5996c07584/file,true,20200709093328-RCNX0004.JPG,image/jpeg,,,
b8690a15,00a2c20d,activityDetection,2020-05-30T04:57:41+02:00,https://multimedia.agouti.eu/assets/b8690a15-652a-4f08-9562-1797671410b8/file,true,20200709093328-RCNX0005.JPG,image/jpeg,,,
64734615,00a2c20d,activityDetection,2020-05-30T04:57:42+02:00,https://multimedia.agouti.eu/assets/64734615-ccaf-4c48-b63e-d7b07bdc6d39/file,true,20200709093329-RCNX0006.JPG,image/jpeg,,,
12ce5004,00a2c20d,activityDetection,2020-05-30T04:57:43+02:00,https://multimedia.agouti.eu/assets/12ce5004-9427-41ff-bcba-99b09c716e81/file,true,20200709093330-RCNX0007.JPG,image/jpeg,,,
f372acaf,00a2c20d,activityDetection,2020-05-30T04:57:43+02:00,https://multimedia.agouti.eu/assets/f372acaf-1d46-4244-8edf-5f804da1e092/file,true,20200709093330-RCNX0008.JPG,image/jpeg,,,
97140835,00a2c20d,activityDetection,2020-05-30T04:57:44+02:00,https://multimedia.agouti.eu/assets/97140835-6245-4adb-b84d-af09045389cf/file,true,20200709093330-RCNX0009.JPG,image/jpeg,,,
d1326349,00a2c20d,activityDetection,2020-05-30T04:57:44+02:00,https://multimedia.agouti.eu/assets/d1326349-76fd-4e83-a20c-a7994e4c0da2/file,true,20200709093330-RCNX0010.JPG,image/jpeg,,,
017e3d07,00a2c20d,activityDetection,2020-05-31T06:05:10+02:00,https://multimedia.agouti.eu/assets/017e3d07-3e6c-45a2-adbd-e7308c74f656/file,true,20200709093330-RCNX0011.JPG,image/jpeg,,,
e82ea167,00a2c20d,activityDetection,2020-05-31T06:05:11+02:00,https://multimedia.agouti.eu/assets/e82ea167-73a2-4cd3-a819-9d94a206a75f/file,true,20200709093331-RCNX0012.JPG,image/jpeg,,,
8aab9351,00a2c20d,activityDetection,2020-05-31T06:05:11+02:00,https://multimedia.agouti.eu/assets/8aab9351-ccf3-499a-bf1a-8f98a3957b0f/file,true,20200709093332-RCNX0013.JPG,image/jpeg,,,
dd543fc8,00a2c20d,activityDetection,2020-05-31T06:05:12+02:00,https://multimedia.agouti.eu/assets/dd543fc8-8bf8-4a85-a026-1469367cb7f8/file,true,20200709093332-RCNX0014.JPG,image/jpeg,,,
6affb228,00a2c20d,activityDetection,2020-05-31T06:05:13+02:00,https://multimedia.agouti.eu/assets/6affb228-efd9-4327-acbf-fdc5cf8c8816/file,true,20200709093332-RCNX0015.JPG,image/jpeg,,,
ef3afb3b,00a2c20d,activityDetection,2020-05-31T06:05:13+02:00,https://multimedia.agouti.eu/assets/ef3afb3b-b922-4347-ad0d-125c20c3d822/file,true,20200709093332-RCNX0016.JPG,image/jpeg,,,
29aef5c3,00a2c20d,activityDetection,2020-05-31T06:05:14+02:00,https://multimedia.agouti.eu/assets/29aef5c3-20a6-4701-9027-8b04c620cda0/file,true,20200709093333-RCNX0017.JPG,image/jpeg,,,
200e99c0,00a2c20d,activityDetection,2020-05-31T06:05:14+02:00,https://multimedia.agouti.eu/assets/200e99c0-692e-46f2-aa44-7f7dc599757a/file,true,20200709093333-RCNX0018.JPG,image/jpeg,,,
97b70ded,00a2c20d,activityDetection,2020-05-31T06:05:15+02:00,https://multimedia.agouti.eu/assets/97b70ded-6f6b-480c-b386-b6d11f045907/file,true,20200709093333-RCNX0019.JPG,image/jpeg,,,
bbd0d520,00a2c20d,activityDetection,2020-05-31T06:05:16+02:00,https://multimedia.agouti.eu/assets/bbd0d520-665a-48f0-8c3a-f176b1d52076/file,true,20200709093333-RCNX0020.JPG,image/jpeg,,,
75e6d1df,00a2c20d,activityDetection,2020-05-31T22:06:43+02:00,https://multimedia.agouti.eu/assets/75e6d1df-1ede-4ca7-a8b0-9cda64493f4d/file,true,20200709093333-RCNX0021.JPG,image/jpeg,,,
948c2184,00a2c20d,activityDetection,2020-05-31T22:06:44+02:00,https://multimedia.agouti.eu/assets/948c2184-a964-494c-8416-ea08827697ba/file,true,20200709093333-RCNX0022.JPG,image/jpeg,,,
8f0c5a8c,00a2c20d,activityDetection,2020-05-31T22:06:44+02:00,https://multimedia.agouti.eu/assets/8f0c5a8c-69c9-48f3-99b0-46ebe858643f/file,true,20200709093334-RCNX0023.JPG,image/jpeg,,,
50d30a87,00a2c20d,activityDetection,2020-05-31T22:06:45+02:00,https://multimedia.agouti.eu/assets/50d30a87-67ce-4eab-a3b5-c3b7db3aaebb/file,true,20200709093334-RCNX0024.JPG,image/jpeg,,,
bdd7481f,00a2c20d,activityDetection,2020-05-31T22:06:46+02:00,https://multimedia.agouti.eu/assets/bdd7481f-b49b-4847-9799-1db990b76dd9/file,true,20200709093334-RCNX0025.JPG,image/jpeg,,,
c459b1f0,00a2c20d,activityDetection,2020-05-31T22:06:46+02:00,https://multimedia.agouti.eu/assets/c459b1f0-390b-41d0-9380-2eddb2f82f7b/file,true,20200709093335-RCNX0026.JPG,image/jpeg,,,
dbf41369,00a2c20d,activityDetection,2020-05-31T22:06:47+02:00,https://multimedia.agouti.eu/assets/dbf41369-46b8-4b48-a253-67537f5245f5/file,true,20200709093335-RCNX0027.JPG,image/jpeg,,,
bdfc4e2d,00a2c20d,activityDetection,2020-05-31T22:06:47+02:00,https://multimedia.agouti.eu/assets/bdfc4e2d-ee5c-413d-8d86-5b5a2ebc6e28/file,true,20200709093335-RCNX0028.JPG,image/jpeg,,,
7a1ac372,00a2c20d,activityDetection,2020-05-31T22:06:48+02:00,https://multimedia.agouti.eu/assets/7a1ac372-9cc4-4ca6-8939-69a9ac7ae028/file,true,20200709093335-RCNX0029.JPG,image/jpeg,,,
6528fd34,00a2c20d,activityDetection,2020-05-31T22:06:49+02:00,https://multimedia.agouti.eu/assets/6528fd34-2d9d-4d58-af5c-04877db1599b/file,true,20200709093336-RCNX0030.JPG,image/jpeg,,,
dafafac8,00a2c20d,activityDetection,2020-05-31T22:06:51+02:00,https://multimedia.agouti.eu/assets/dafafac8-d3dd-468b-93f1-34837d13ee88/file,true,20200709093336-RCNX0031.JPG,image/jpeg,,,
45ddded1,00a2c20d,activityDetection,2020-05-31T22:06:52+02:00,https://multimedia.agouti.eu/assets/45ddded1-efeb-4d11-b948-bcfa46cb5c06/file,true,20200709093336-RCNX0032.JPG,image/jpeg,,,
998bdc6a,00a2c20d,activityDetection,2020-05-31T22:06:52+02:00,https://multimedia.agouti.eu/assets/998bdc6a-6655-4d36-af11-215bbf54b4db/file,true,20200709093336-RCNX0033.JPG,image/jpeg,,,
3348ffed,00a2c20d,activityDetection,2020-05-31T22:06:53+02:00,https://multimedia.agouti.eu/assets/3348ffed-1ddb-4e90-95fa-af2a140f3c6a/file,true,20200709093336-RCNX0034.JPG,image/jpeg,,,
4d6cd9b6,00a2c20d,activityDetection,2020-05-31T22:06:54+02:00,https://multimedia.agouti.eu/assets/4d6cd9b6-2505-4a4d-b8f9-b00f8033eb8a/file,true,20200709093337-RCNX0035.JPG,image/jpeg,,,
de1a05d2,00a2c20d,activityDetection,2020-05-31T22:06:54+02:00,https://multimedia.agouti.eu/assets/de1a05d2-7a5f-4d01-9fe2-a302d41f09ee/file,true,20200709093337-RCNX0036.JPG,image/jpeg,,,
d7841986,00a2c20d,activityDetection,2020-05-31T22:06:55+02:00,https://multimedia.agouti.eu/assets/d7841986-8a59-4a70-b476-ea8e1001a581/file,true,20200709093337-RCNX0037.JPG,image/jpeg,,,
9447bae7,00a2c20d,activityDetection,2020-05-31T22:06:55+02:00,https://multimedia.agouti.eu/assets/9447bae7-66fe-400c-8e90-8b8f0e30f3e3/file,true,20200709093337-RCNX0038.JPG,image/jpeg,,,
33b63cf8,00a2c20d,activityDetection,2020-05-31T22:06:56+02:00,https://multimedia.agouti.eu/assets/33b63cf8-ef7d-4357-8c58-9375415fe27d/file,true,20200709093337-RCNX0039.JPG,image/jpeg,,,
c07290d8,00a2c20d,activityDetection,2020-05-31T22:06:57+02:00,https://multimedia.agouti.eu/assets/c07290d8-a82e-40ed-a2f7-9ffbf8791100/file,true,20200709093338-RCNX0040.JPG,image/jpeg,,,
8e7f37f4,00a2c20d,activityDetection,2020-05-31T22:07:30+02:00,https://multimedia.agouti.eu/assets/8e7f37f4-5717-47a2-b050-ef7879880fd5/file,true,20200709093338-RCNX0041.JPG,image/jpeg,,,
1f1217b7,00a2c20d,activityDetection,2020-05-31T22:07:31+02:00,https://multimedia.agouti.eu/assets/1f1217b7-cf4d-42aa-92c8-ace42ffc1d8f/file,true,20200709093338-RCNX0042.JPG,image/jpeg,,,
1640ad29,00a2c20d,activityDetection,2020-05-31T22:07:31+02:00,https://multimedia.agouti.eu/assets/1640ad29-e2cb-43cc-8cd6-c1ef2ffaadd7/file,true,20200709093338-RCNX0043.JPG,image/jpeg,,,
f633bdc2,00a2c20d,activityDetection,2020-05-31T22:07:32+02:00,https://multimedia.agouti.eu/assets/f633bdc2-745a-46bd-975c-b7ba563dd26d/file,true,20200709093338-RCNX0044.JPG,image/jpeg,,,
209dc64d,00a2c20d,activityDetection,2020-05-31T22:07:33+02:00,https://multimedia.agouti.eu/assets/209dc64d-d1c7-4649-b8a2-9e09654022d8/file,true,20200709093338-RCNX0045.JPG,image/jpeg,,,
87cb0fcb,00a2c20d,activityDetection,2020-05-31T22:07:33+02:00,https://multimedia.agouti.eu/assets/87cb0fcb-1530-47ca-87f2-4d64573dec80/file,true,20200709093339-RCNX0046.JPG,image/jpeg,,,
3868adcc,00a2c20d,activityDetection,2020-05-31T22:07:34+02:00,https://multimedia.agouti.eu/assets/3868adcc-7460-461d-abad-f5da0f8903ab/file,true,20200709093339-RCNX0047.JPG,image/jpeg,,,
690535a6,00a2c20d,activityDetection,2020-05-31T22:07:34+02:00,https://multimedia.agouti.eu/assets/690535a6-6625-4d05-8732-d7a59e9f91ea/file,true,20200709093339-RCNX0048.JPG,image/jpeg,,,
b6fa4933,00a2c20d,activityDetection,2020-05-31T22:07:35+02:00,https://multimedia.agouti.eu/assets/b6fa4933-572b-42ee-b76d-0e7c45337c73/file,true,20200709093339-RCNX0049.JPG,image/jpeg,,,
f418bc6c,00a2c20d,activityDetection,2020-05-31T22:07:36+02:00,https://multimedia.agouti.eu/assets/f418bc6c-0b8e-4d6a-a00e-3b74b562e2d1/file,true,20200709093339-RCNX0050.JPG,image/jpeg,,,
6f8b7649,00a2c20d,activityDetection,2020-06-05T04:49:20+02:00,https://multimedia.agouti.eu/assets/6f8b7649-0964-490f-ac94-d4297bda9156/file,true,20200709093340-RCNX0051.JPG,image/jpeg,,,
b14ddd01,00a2c20d,activityDetection,2020-06-05T04:49:21+02:00,https://multimedia.agouti.eu/assets/b14ddd01-88cc-4275-8c14-cad2d604d52e/file,true,20200709093340-RCNX0052.JPG,image/jpeg,,,
d9ece6b1,00a2c20d,activityDetection,2020-06-05T04:49:21+02:00,https://multimedia.agouti.eu/assets/d9ece6b1-a9e4-4e57-891c-66400c95a31f/file,true,20200709093340-RCNX0053.JPG,image/jpeg,,,
82d92d53,00a2c20d,activityDetection,2020-06-05T04:49:22+02:00,https://multimedia.agouti.eu/assets/82d92d53-0a39-4d5d-9bac-ee9658d04d15/file,true,20200709093340-RCNX0054.JPG,image/jpeg,,,
c809222e,00a2c20d,activityDetection,2020-06-05T04:49:23+02:00,https://multimedia.agouti.eu/assets/c809222e-ef7a-4501-a968-30e808837b9e/file,true,20200709093341-RCNX0055.JPG,image/jpeg,,,
d764dd29,00a2c20d,activityDetection,2020-06-05T04:49:23+02:00,https://multimedia.agouti.eu/assets/d764dd29-fbc9-40ac-8164-15e68330b981/file,true,20200709093341-RCNX0056.JPG,image/jpeg,,,
930275a5,00a2c20d,activityDetection,2020-06-05T04:49:24+02:00,https://multimedia.agouti.eu/assets/930275a5-b0f3-4a17-9b7a-e08b155cb664/file,true,20200709093341-RCNX0057.JPG,image/jpeg,,,
b090ecb5,00a2c20d,activityDetection,2020-06-05T04:49:24+02:00,https://multimedia.agouti.eu/assets/b090ecb5-f02c-4fe8-960c-6164c2414b12/file,true,20200709093341-RCNX0058.JPG,image/jpeg,,,
44122af3,00a2c20d,activityDetection,2020-06-05T04:49:25+02:00,https://multimedia.agouti.eu/assets/44122af3-7aa9-4ecc-adf8-052754c9bad7/file,true,20200709093342-RCNX0059.JPG,image/jpeg,,,
35c804f5,00a2c20d,activityDetection,2020-06-05T04:49:26+02:00,https://multimedia.agouti.eu/assets/35c804f5-b733-473c-b892-cbcaa3756329/file,true,20200709093342-RCNX0060.JPG,image/jpeg,,,
e43ed570,00a2c20d,activityDetection,2020-06-05T04:49:27+02:00,https://multimedia.agouti.eu/assets/e43ed570-1af7-456d-845a-ff1bca289952/file,true,20200709093342-RCNX0061.JPG,image/jpeg,,,
89bb0355,00a2c20d,activityDetection,2020-06-05T04:49:27+02:00,https://multimedia.agouti.eu/assets/89bb0355-5a00-4e20-815b-454855f9b8cc/file,true,20200709093342-RCNX0062.JPG,image/jpeg,,,
6aa925c4,00a2c20d,activityDetection,2020-06-05T04:49:28+02:00,https://multimedia.agouti.eu/assets/6aa925c4-7877-4e71-822b-d0a8da1ba1e6/file,true,20200709093343-RCNX0063.JPG,image/jpeg,,,
131f5288,00a2c20d,activityDetection,2020-06-05T04:49:29+02:00,https://multimedia.agouti.eu/assets/131f5288-54d7-4e60-837c-f6a3d3ff02c0/file,true,20200709093343-RCNX0064.JPG,image/jpeg,,,
a4c9b59d,00a2c20d,activityDetection,2020-06-05T04:49:29+02:00,https://multimedia.agouti.eu/assets/a4c9b59d-c382-40e0-9042-3406cfb5253f/file,true,20200709093343-RCNX0065.JPG,image/jpeg,,,
d3494c50,00a2c20d,activityDetection,2020-06-05T04:49:30+02:00,https://multimedia.agouti.eu/assets/d3494c50-c34a-4c55-8031-e07ece336b8e/file,true,20200709093343-RCNX0066.JPG,image/jpeg,,,
0b0dc7b2,00a2c20d,activityDetection,2020-06-05T04:49:30+02:00,https://multimedia.agouti.eu/assets/0b0dc7b2-65bf-4f21-a358-b5867f92581c/file,true,20200709093344-RCNX0067.JPG,image/jpeg,,,
90e03429,00a2c20d,activityDetection,2020-06-05T04:49:31+02:00,https://multimedia.agouti.eu/assets/90e03429-3f43-40a9-bc6e-39c6e6eaf754/file,true,20200709093344-RCNX0068.JPG,image/jpeg,,,
a0a65a78,00a2c20d,activityDetection,2020-06-05T04:49:32+02:00,https://multimedia.agouti.eu/assets/a0a65a78-c8e2-4bfe-9eb3-9c2c164f2526/file,true,20200709093344-RCNX0069.JPG,image/jpeg,,,
9c1a5f4a,00a2c20d,activityDetection,2020-06-05T04:49:32+02:00,https://multimedia.agouti.eu/assets/9c1a5f4a-8c21-48bb-b3b9-7a27284969db/file,true,20200709093344-RCNX0070.JPG,image/jpeg,,,
a33837bf,00a2c20d,activityDetection,2020-06-06T06:11:07+02:00,https://multimedia.agouti.eu/assets/a33837bf-46c3-415b-9982-50f838f2a0dd/file,true,20200709093345-RCNX0071.JPG,image/jpeg,,,
a4c90844,00a2c20d,activityDetection,2020-06-06T06:11:08+02:00,https://multimedia.agouti.eu/assets/a4c90844-bf4e-4bb4-8c60-a3b560a45800/file,true,20200709093345-RCNX0072.JPG,image/jpeg,,,
b8d6c1ec,00a2c20d,activityDetection,2020-06-06T06:11:09+02:00,https://multimedia.agouti.eu/assets/b8d6c1ec-b1ea-4a12-915a-59c8fb448c6c/file,true,20200709093345-RCNX0073.JPG,image/jpeg,,,
9c4b83d9,00a2c20d,activityDetection,2020-06-06T06:11:09+02:00,https://multimedia.agouti.eu/assets/9c4b83d9-711a-43eb-9f40-f894cf470fe1/file,true,20200709093346-RCNX0074.JPG,image/jpeg,,,
7e4de13b,00a2c20d,activityDetection,2020-06-06T06:11:10+02:00,https://multimedia.agouti.eu/assets/7e4de13b-c589-4b28-b2fb-389e9916ce86/file,true,20200709093346-RCNX0075.JPG,image/jpeg,,,
72366a31,00a2c20d,activityDetection,2020-06-06T06:11:11+02:00,https://multimedia.agouti.eu/assets/72366a31-2632-4f2b-b059-b5e5f23358e7/file,true,20200709093346-RCNX0076.JPG,image/jpeg,,,
a55b821f,00a2c20d,activityDetection,2020-06-06T06:11:11+02:00,https://multimedia.agouti.eu/assets/a55b821f-da11-41bb-9088-d4474ddd8d4c/file,true,20200709093347-RCNX0077.JPG,image/jpeg,,,
28290b2c,00a2c20d,activityDetection,2020-06-06T06:11:12+02:00,https://multimedia.agouti.eu/assets/28290b2c-f57c-4d0a-bcd0-c3215c889079/file,true,20200709093347-RCNX0078.JPG,image/jpeg,,,
53446511,00a2c20d,activityDetection,2020-06-06T06:11:12+02:00,https://multimedia.agouti.eu/assets/53446511-3818-409a-8636-cf8fb16794a0/file,true,20200709093347-RCNX0079.JPG,image/jpeg,,,
7d3e106e,00a2c20d,activityDetection,2020-06-06T06:11:13+02:00,https://multimedia.agouti.eu/assets/7d3e106e-c9e6-4422-868c-644b095ccff7/file,true,20200709093347-RCNX0080.JPG,image/jpeg,,,
b1e03fbb,00a2c20d,activityDetection,2020-06-09T05:16:11+02:00,https://multimedia.agouti.eu/assets/b1e03fbb-3b83-40d4-bc5b-5d3f796da851/file,true,20200709093348-RCNX0081.JPG,image/jpeg,,,
f69cf443,00a2c20d,activityDetection,2020-06-09T05:16:12+02:00,https://multimedia.agouti.eu/assets/f69cf443-6d8c-4e3b-a58a-f51bbdf84685/file,true,20200709093348-RCNX0082.JPG,image/jpeg,,,
235078cc,00a2c20d,activityDetection,2020-06-09T05:16:13+02:00,https://multimedia.agouti.eu/assets/235078cc-1b44-4da3-b260-3faccb37c2ca/file,true,20200709093349-RCNX0083.JPG,image/jpeg,,,
8b8ba813,00a2c20d,activityDetection,2020-06-09T05:16:13+02:00,https://multimedia.agouti.eu/assets/8b8ba813-1ad5-4944-8c0a-96c82f6fb36f/file,true,20200709093349-RCNX0084.JPG,image/jpeg,,,
b5e07538,00a2c20d,activityDetection,2020-06-09T05:16:14+02:00,https://multimedia.agouti.eu/assets/b5e07538-091b-4c16-a553-d9e50ab0e1eb/file,true,20200709093349-RCNX0085.JPG,image/jpeg,,,
f38e18d4,00a2c20d,activityDetection,2020-06-09T05:16:14+02:00,https://multimedia.agouti.eu/assets/f38e18d4-7f59-4ad4-befe-2e10d5467f25/file,true,20200709093349-RCNX0086.JPG,image/jpeg,,,
67aecf0d,00a2c20d,activityDetection,2020-06-09T05:16:15+02:00,https://multimedia.agouti.eu/assets/67aecf0d-3558-4482-86fb-c9fd72ef4e31/file,true,20200709093350-RCNX0087.JPG,image/jpeg,,,
fc05b93d,00a2c20d,activityDetection,2020-06-09T05:16:16+02:00,https://multimedia.agouti.eu/assets/fc05b93d-f9bd-4e8a-86f4-948a47909a08/file,true,20200709093350-RCNX0088.JPG,image/jpeg,,,
46ee4572,00a2c20d,activityDetection,2020-06-09T05:16:16+02:00,https://multimedia.agouti.eu/assets/46ee4572-7020-463e-bbe0-86163f387114/file,true,20200709093350-RCNX0089.JPG,image/jpeg,,,
2840949c,00a2c20d,activityDetection,2020-06-09T05:16:17+02:00,https://multimedia.agouti.eu/assets/2840949c-5db5-4975-8df5-6b71aa626562/file,true,20200709093350-RCNX0090.JPG,image/jpeg,,,
e68deaed,00a2c20d,activityDetection,2020-06-12T06:04:29+02:00,https://multimedia.agouti.eu/assets/e68deaed-a64e-4999-87a3-9aa0edf5970d/file,true,20200709093351-RCNX0091.JPG,image/jpeg,,,
c5efbcb3,00a2c20d,activityDetection,2020-06-12T06:04:30+02:00,https://multimedia.agouti.eu/assets/c5efbcb3-34f5-4a59-bc15-034e01b05475/file,true,20200709093351-RCNX0092.JPG,image/jpeg,,,
07eee194,00a2c20d,activityDetection,2020-06-12T06:04:31+02:00,https://multimedia.agouti.eu/assets/07eee194-85c7-4586-96be-7b42ff6f1132/file,true,20200709093352-RCNX0093.JPG,image/jpeg,,,
479a93c4,00a2c20d,activityDetection,2020-06-12T06:04:31+02:00,https://multimedia.agouti.eu/assets/479a93c4-bc70-4e91-9ab5-b058df232ed0/file,true,20200709093352-RCNX0094.JPG,image/jpeg,,,
6d65f3e4,00a2c20d,activityDetection,2020-06-12T06:04:32+02:00,https://multimedia.agouti.eu/assets/6d65f3e4-4770-407b-b2bf-878983bf9872/file,true,20200709093352-RCNX0095.JPG,image/jpeg,,,
5ba57018,00a2c20d,activityDetection,2020-06-12T06:04:32+02:00,https://multimedia.agouti.eu/assets/5ba57018-fd06-4319-bc80-ba6efa076c7c/file,true,20200709093352-RCNX0096.JPG,image/jpeg,,,
c39a0749,00a2c20d,activityDetection,2020-06-12T06:04:33+02:00,https://multimedia.agouti.eu/assets/c39a0749-b8db-4853-81c4-32b9a99868ca/file,true,20200709093352-RCNX0097.JPG,image/jpeg,,,
d2ed4389,00a2c20d,activityDetection,2020-06-12T06:04:34+02:00,https://multimedia.agouti.eu/assets/d2ed4389-14e6-45d7-b67d-b52d3cffd0fb/file,true,20200709093353-RCNX0098.JPG,image/jpeg,,,
51549c25,00a2c20d,activityDetection,2020-06-12T06:04:35+02:00,https://multimedia.agouti.eu/assets/51549c25-e565-4ece-a26e-12442ccc3fcb/file,true,20200709093353-RCNX0099.JPG,image/jpeg,,,
b78bb29f,00a2c20d,activityDetection,2020-06-12T06:04:35+02:00,https://multimedia.agouti.eu/assets/b78bb29f-fbf3-49b0-911b-ca4e5a95d801/file,true,20200709093353-RCNX0100.JPG,image/jpeg,,,
d6785b65,00a2c20d,activityDetection,2020-06-12T06:04:41+02:00,https://multimedia.agouti.eu/assets/d6785b65-24fa-4663-8539-e5fb261d069d/file,true,20200709093354-RCNX0101.JPG,image/jpeg,,,
2b860458,00a2c20d,activityDetection,2020-06-12T06:04:42+02:00,https://multimedia.agouti.eu/assets/2b860458-742b-4fca-937c-2a27742dccb0/file,true,20200709093354-RCNX0102.JPG,image/jpeg,,,
d45648b9,00a2c20d,activityDetection,2020-06-12T06:04:43+02:00,https://multimedia.agouti.eu/assets/d45648b9-76d1-4500-898c-dd3c3f31a0b8/file,true,20200709093354-RCNX0103.JPG,image/jpeg,,,
eecd8ce1,00a2c20d,activityDetection,2020-06-12T06:04:43+02:00,https://multimedia.agouti.eu/assets/eecd8ce1-2b13-49b7-bcec-c0056848aa62/file,true,20200709093355-RCNX0104.JPG,image/jpeg,,,
48d26ebc,00a2c20d,activityDetection,2020-06-12T06:04:44+02:00,https://multimedia.agouti.eu/assets/48d26ebc-ba6e-4245-8f52-c2cc1d64ef1f/file,true,20200709093355-RCNX0105.JPG,image/jpeg,,,
4afd0344,00a2c20d,activityDetection,2020-06-12T06:04:44+02:00,https://multimedia.agouti.eu/assets/4afd0344-3cec-4942-987b-96b69da75e6b/file,true,20200709093355-RCNX0106.JPG,image/jpeg,,,
916964ac,00a2c20d,activityDetection,2020-06-12T06:04:45+02:00,https://multimedia.agouti.eu/assets/916964ac-6389-4d06-8853-2eac6c36d8e7/file,true,20200709093355-RCNX0107.JPG,image/jpeg,,,
3e8e355a,00a2c20d,activityDetection,2020-06-12T06:04:46+02:00,https://multimedia.agouti.eu/assets/3e8e355a-6253-4a5f-a950-2f934821b7f7/file,true,20200709093356-RCNX0108.JPG,image/jpeg,,,
b7792672,00a2c20d,activityDetection,2020-06-12T06:04:46+02:00,https://multimedia.agouti.eu/assets/b7792672-6a31-484a-a97b-e19e34657021/file,true,20200709093356-RCNX0109.JPG,image/jpeg,,,
1683dd3b,00a2c20d,activityDetection,2020-06-12T06:04:47+02:00,https://multimedia.agouti.eu/assets/1683dd3b-7791-493a-84c6-1bb50541fd97/file,true,20200709093356-RCNX0110.JPG,image/jpeg,,,
e6c63f88,00a2c20d,activityDetection,2020-06-12T06:04:49+02:00,https://multimedia.agouti.eu/assets/e6c63f88-a31f-4f06-9410-3213baed08ab/file,true,20200709093357-RCNX0111.JPG,image/jpeg,,,
91a1ba54,00a2c20d,activityDetection,2020-06-12T06:04:50+02:00,https://multimedia.agouti.eu/assets/91a1ba54-5e19-4f18-88f8-8dd0dd3ef836/file,true,20200709093357-RCNX0112.JPG,image/jpeg,,,
233a2f40,00a2c20d,activityDetection,2020-06-12T06:04:51+02:00,https://multimedia.agouti.eu/assets/233a2f40-b0c5-4b93-90e4-e254d2e148f5/file,true,20200709093358-RCNX0113.JPG,image/jpeg,,,
5e01e638,00a2c20d,activityDetection,2020-06-12T06:04:51+02:00,https://multimedia.agouti.eu/assets/5e01e638-d36f-4ca2-957d-7bbdc76dcc89/file,true,20200709093358-RCNX0114.JPG,image/jpeg,,,
dadf1718,00a2c20d,activityDetection,2020-06-12T06:04:52+02:00,https://multimedia.agouti.eu/assets/dadf1718-90bd-438e-8649-3663f226072f/file,true,20200709093358-RCNX0115.JPG,image/jpeg,,,
643d63a4,00a2c20d,activityDetection,2020-06-12T06:04:52+02:00,https://multimedia.agouti.eu/assets/643d63a4-dd46-4b9d-b3de-665fe2a46754/file,true,20200709093359-RCNX0116.JPG,image/jpeg,,,
19744c44,00a2c20d,activityDetection,2020-06-12T06:04:53+02:00,https://multimedia.agouti.eu/assets/19744c44-03ea-438f-9dc7-927e6e494ee1/file,true,20200709093359-RCNX0117.JPG,image/jpeg,,,
edc345bc,00a2c20d,activityDetection,2020-06-12T06:04:54+02:00,https://multimedia.agouti.eu/assets/edc345bc-b58a-4c0d-8659-89132449cc3c/file,true,20200709093359-RCNX0118.JPG,image/jpeg,,,
b6e435f8,00a2c20d,activityDetection,2020-06-12T06:04:54+02:00,https://multimedia.agouti.eu/assets/b6e435f8-b22b-4916-8275-5fbff2d84a76/file,true,20200709093400-RCNX0119.JPG,image/jpeg,,,
54c5d869,00a2c20d,activityDetection,2020-06-12T06:04:55+02:00,https://multimedia.agouti.eu/assets/54c5d869-8492-4b16-a72e-45196284559c/file,true,20200709093400-RCNX0120.JPG,image/jpeg,,,
9997f96e,00a2c20d,activityDetection,2020-06-22T04:11:14+02:00,https://multimedia.agouti.eu/assets/9997f96e-a9b7-429b-95c6-87711dc07533/file,true,20200709093400-RCNX0121.JPG,image/jpeg,,,
e4765ced,00a2c20d,activityDetection,2020-06-22T04:11:15+02:00,https://multimedia.agouti.eu/assets/e4765ced-1696-4983-be45-c06123a59af5/file,true,20200709093400-RCNX0122.JPG,image/jpeg,,,
e0d3e72e,00a2c20d,activityDetection,2020-06-22T04:11:15+02:00,https://multimedia.agouti.eu/assets/e0d3e72e-4e44-4125-9e85-2432b62d8dec/file,true,20200709093401-RCNX0123.JPG,image/jpeg,,,
6bd083fd,00a2c20d,activityDetection,2020-06-22T04:11:16+02:00,https://multimedia.agouti.eu/assets/6bd083fd-e012-40c6-94a0-38eb2b73e248/file,true,20200709093401-RCNX0124.JPG,image/jpeg,,,
f1b07d90,00a2c20d,activityDetection,2020-06-22T04:11:17+02:00,https://multimedia.agouti.eu/assets/f1b07d90-510c-47f8-a14e-df56f659fc10/file,true,20200709093401-RCNX0125.JPG,image/jpeg,,,
32da352b,00a2c20d,activityDetection,2020-06-22T04:11:17+02:00,https://multimedia.agouti.eu/assets/32da352b-3366-4611-9f71-d52187185ecb/file,true,20200709093401-RCNX0126.JPG,image/jpeg,,,
b0bb7a64,00a2c20d,activityDetection,2020-06-22T04:11:18+02:00,https://multimedia.agouti.eu/assets/b0bb7a64-38c6-4c39-84aa-52e3a5397eb9/file,true,20200709093402-RCNX0127.JPG,image/jpeg,,,
ad2d234c,00a2c20d,activityDetection,2020-06-22T04:11:18+02:00,https://multimedia.agouti.eu/assets/ad2d234c-950f-4aba-b4dc-aab9af5583db/file,true,20200709093402-RCNX0128.JPG,image/jpeg,,,
5ceaf351,00a2c20d,activityDetection,2020-06-22T04:11:19+02:00,https://multimedia.agouti.eu/assets/5ceaf351-e5be-4d7e-91ab-435e501d1a8b/file,true,20200709093402-RCNX0129.JPG,image/jpeg,,,
1fb9601b,00a2c20d,activityDetection,2020-06-22T04:11:20+02:00,https://multimedia.agouti.eu/assets/1fb9601b-c185-4908-b3f4-a678669c6ee2/file,true,20200709093402-RCNX0130.JPG,image/jpeg,,,
e8b62b7e,00a2c20d,activityDetection,2020-06-27T03:19:06+02:00,https://multimedia.agouti.eu/assets/e8b62b7e-969c-4d44-9a95-1a453cdd0ed6/file,true,20200709093402-RCNX0131.JPG,image/jpeg,,,
eb0f5a36,00a2c20d,activityDetection,2020-06-27T03:19:06+02:00,https://multimedia.agouti.eu/assets/eb0f5a36-7755-42f5-a2dd-329cae99957c/file,true,20200709093403-RCNX0132.JPG,image/jpeg,,,
51372859,00a2c20d,activityDetection,2020-06-27T03:19:07+02:00,https://multimedia.agouti.eu/assets/51372859-13ba-4f14-b167-5ea24877c2c3/file,true,20200709093403-RCNX0133.JPG,image/jpeg,,,
fb4f22df,00a2c20d,activityDetection,2020-06-27T03:19:08+02:00,https://multimedia.agouti.eu/assets/fb4f22df-e625-4d36-88ca-cb25d726a0e0/file,true,20200709093403-RCNX0134.JPG,image/jpeg,,,
4c2e721f,00a2c20d,activityDetection,2020-06-27T03:19:08+02:00,https://multimedia.agouti.eu/assets/4c2e721f-6bdd-4f57-bcc1-681e03dee579/file,true,20200709093403-RCNX0135.JPG,image/jpeg,,,
4f95d6c1,00a2c20d,activityDetection,2020-06-27T03:19:09+02:00,https://multimedia.agouti.eu/assets/4f95d6c1-4d39-420e-a787-dd567b75c577/file,true,20200709093403-RCNX0136.JPG,image/jpeg,,,
9719433c,00a2c20d,activityDetection,2020-06-27T03:19:09+02:00,https://multimedia.agouti.eu/assets/9719433c-9176-44c5-9e3e-77cbed3ff57c/file,true,20200709093404-RCNX0137.JPG,image/jpeg,,,
87d9bbb7,00a2c20d,activityDetection,2020-06-27T03:19:10+02:00,https://multimedia.agouti.eu/assets/87d9bbb7-4006-447b-aee1-37674e1a4ab1/file,true,20200709093404-RCNX0138.JPG,image/jpeg,,,
d82e840f,00a2c20d,activityDetection,2020-06-27T03:19:11+02:00,https://multimedia.agouti.eu/assets/d82e840f-9d5a-4b86-808d-422e798c207f/file,true,20200709093404-RCNX0139.JPG,image/jpeg,,,
37bdf4b3,00a2c20d,activityDetection,2020-06-27T03:19:11+02:00,https://multimedia.agouti.eu/assets/37bdf4b3-17c3-4549-9d04-35c6a342ab10/file,true,20200709093404-RCNX0140.JPG,image/jpeg,,,
075f9dfd,00a2c20d,activityDetection,2020-07-01T11:40:42+02:00,https://multimedia.agouti.eu/assets/075f9dfd-7ab1-4cac-9462-63c48595afdf/file,false,20200709093404-RCNX0141.JPG,image/jpeg,,,
f99b3751,00a2c20d,activityDetection,2020-07-01T11:40:43+02:00,https://multimedia.agouti.eu/assets/f99b3751-63c8-4fc1-8e5e-9a2c1704880d/file,false,20200709093405-RCNX0142.JPG,image/jpeg,,,
70ec9558,00a2c20d,activityDetection,2020-07-01T11:40:45+02:00,https://multimedia.agouti.eu/assets/70ec9558-e17c-48dd-ba97-4bf0779a8108/file,false,20200709093405-RCNX0143.JPG,image/jpeg,,,
534a79c0,00a2c20d,activityDetection,2020-07-01T11:40:45+02:00,https://multimedia.agouti.eu/assets/534a79c0-35c2-40d9-98f5-87ef67a8f823/file,false,20200709093406-RCNX0144.JPG,image/jpeg,,,
c66bcfd1,00a2c20d,activityDetection,2020-07-01T11:40:46+02:00,https://multimedia.agouti.eu/assets/c66bcfd1-25ca-46c2-a7b7-dd66c31d6c56/file,false,20200709093406-RCNX0145.JPG,image/jpeg,,,
11e92a6f,00a2c20d,activityDetection,2020-07-01T11:40:46+02:00,https://multimedia.agouti.eu/assets/11e92a6f-c26d-4f50-bb62-e5f0e0785a90/file,false,20200709093406-RCNX0146.JPG,image/jpeg,,,
15b7b50e,00a2c20d,activityDetection,2020-07-01T11:40:47+02:00,https://multimedia.agouti.eu/assets/15b7b50e-e7e6-4e56-af3e-2afff65d352a/file,false,20200709093406-RCNX0147.JPG,image/jpeg,,,
9a886c5b,00a2c20d,activityDetection,2020-07-01T11:40:48+02:00,https://multimedia.agouti.eu/assets/9a886c5b-5c80-4c4a-ad84-2cdbc3c0c71b/file,false,20200709093406-RCNX0148.JPG,image/jpeg,,,
a98fde19,00a2c20d,activityDetection,2020-07-01T11:40:48+02:00,https://multimedia.agouti.eu/assets/a98fde19-43eb-4349-8275-beae57428b65/file,false,20200709093407-RCNX0149.JPG,image/jpeg,,,
6b57b8cd,00a2c20d,activityDetection,2020-07-01T11:40:49+02:00,https://multimedia.agouti.eu/assets/6b57b8cd-b2f6-465e-99ab-384c05408093/file,false,20200709093407-RCNX0150.JPG,image/jpeg,,,
8a4d03dc,00a2c20d,activityDetection,2020-07-01T11:41:07+02:00,https://multimedia.agouti.eu/assets/8a4d03dc-2c39-4c00-813c-2e76c664361f/file,false,20200709093407-RCNX0151.JPG,image/jpeg,,,
34990f84,00a2c20d,activityDetection,2020-07-01T11:41:08+02:00,https://multimedia.agouti.eu/assets/34990f84-f64b-4fff-8ab3-9ddd8f22c5b8/file,false,20200709093407-RCNX0152.JPG,image/jpeg,,,
43ea44b9,00a2c20d,activityDetection,2020-07-01T11:41:08+02:00,https://multimedia.agouti.eu/assets/43ea44b9-8910-4937-b19e-1d4f7ae0cf80/file,false,20200709093407-RCNX0153.JPG,image/jpeg,,,
1fbee815,00a2c20d,activityDetection,2020-07-01T11:41:10+02:00,https://multimedia.agouti.eu/assets/1fbee815-5586-49bc-be80-c596ba011a1d/file,false,20200709093408-RCNX0154.JPG,image/jpeg,,,
7d74d79e,00a2c20d,activityDetection,2020-07-01T11:41:11+02:00,https://multimedia.agouti.eu/assets/7d74d79e-c88b-4e85-b01b-81e54b634cb0/file,false,20200709093408-RCNX0155.JPG,image/jpeg,,,
0e1ed4d3,00a2c20d,activityDetection,2020-07-01T11:41:11+02:00,https://multimedia.agouti.eu/assets/0e1ed4d3-7ba3-4f57-846e-209a20296e85/file,false,20200709093408-RCNX0156.JPG,image/jpeg,,,
0db99294,00a2c20d,activityDetection,2020-07-01T11:41:13+02:00,https://multimedia.agouti.eu/assets/0db99294-4fe0-4f90-9762-bc1433a1e11a/file,false,20200709093408-RCNX0157.JPG,image/jpeg,,,
5bbb3e87,00a2c20d,activityDetection,2020-07-01T11:41:15+02:00,https://multimedia.agouti.eu/assets/5bbb3e87-955e-477b-af78-db8f3133e5a8/file,false,20200709093408-RCNX0158.JPG,image/jpeg,,,
ac3ddaa2,00a2c20d,activityDetection,2020-07-01T11:41:16+02:00,https://multimedia.agouti.eu/assets/ac3ddaa2-1968-4adb-a504-c3775db6400d/file,false,20200709093408-RCNX0159.JPG,image/jpeg,,,
252ea114,00a2c20d,activityDetection,2020-07-01T11:41:16+02:00,https://multimedia.agouti.eu/assets/252ea114-9b7f-43c2-a696-a205ba51b470/file,false,20200709093408-RCNX0160.JPG,image/jpeg,,,
4b2cfdb9,00a2c20d,activityDetection,2020-07-01T11:41:17+02:00,https://multimedia.agouti.eu/assets/4b2cfdb9-c5c3-498a-bfe8-23c572d795b5/file,false,20200709093409-RCNX0161.JPG,image/jpeg,,,
c75ddadd,00a2c20d,activityDetection,2020-07-01T11:41:20+02:00,https://multimedia.agouti.eu/assets/c75ddadd-d6a1-4bc3-b437-6d011d77ac8d/file,false,20200709093409-RCNX0162.JPG,image/jpeg,,,
a1f271bd,00a2c20d,activityDetection,2020-07-01T11:41:21+02:00,https://multimedia.agouti.eu/assets/a1f271bd-3ac0-4dbc-b758-0539aa2a6b3e/file,false,20200709093409-RCNX0163.JPG,image/jpeg,,,
25774944,00a2c20d,activityDetection,2020-07-01T11:41:22+02:00,https://multimedia.agouti.eu/assets/25774944-4bef-4a8c-89b0-19555231efd1/file,false,20200709093409-RCNX0164.JPG,image/jpeg,,,
0fe8ec39,00a2c20d,activityDetection,2020-07-01T11:41:24+02:00,https://multimedia.agouti.eu/assets/0fe8ec39-b4e0-4713-9ef7-807b577ae3bd/file,false,20200709093409-RCNX0165.JPG,image/jpeg,,,
609b0bf3,00a2c20d,activityDetection,2020-07-01T11:41:25+02:00,https://multimedia.agouti.eu/assets/609b0bf3-2f23-41ff-852f-0e993198daa0/file,false,20200709093409-RCNX0166.JPG,image/jpeg,,,
0236e776,00a2c20d,activityDetection,2020-07-01T11:41:26+02:00,https://multimedia.agouti.eu/assets/0236e776-4dd1-4a7a-ab42-64fa40a48623/file,false,20200709093409-RCNX0167.JPG,image/jpeg,,,
bdcee6e1,00a2c20d,activityDetection,2020-07-01T11:41:27+02:00,https://multimedia.agouti.eu/assets/bdcee6e1-ecde-42ac-9a2b-0a404869b7b1/file,false,20200709093409-RCNX0168.JPG,image/jpeg,,,
8840c07b,00a2c20d,activityDetection,2020-07-01T11:41:30+02:00,https://multimedia.agouti.eu/assets/8840c07b-69ae-4b8a-8496-c1034052fa7e/file,false,20200709093409-RCNX0169.JPG,image/jpeg,,,
96c9b892,00a2c20d,activityDetection,2020-07-01T11:41:31+02:00,https://multimedia.agouti.eu/assets/96c9b892-a5f4-42fc-8e27-d50b1de2cdf3/file,false,20200709093409-RCNX0170.JPG,image/jpeg,,,
9e6ce0db,00a2c20d,activityDetection,2020-07-01T11:41:33+02:00,https://multimedia.agouti.eu/assets/9e6ce0db-91b7-42bd-975c-db9ef48c6b3b/file,false,20200709093410-RCNX0171.JPG,image/jpeg,,,
38f0300d,00a2c20d,activityDetection,2020-07-01T11:41:35+02:00,https://multimedia.agouti.eu/assets/38f0300d-3bd8-45c7-94e1-0fea018adae4/file,false,20200709093410-RCNX0172.JPG,image/jpeg,,,
4b7e8e13,00a2c20d,activityDetection,2020-07-01T11:41:36+02:00,https://multimedia.agouti.eu/assets/4b7e8e13-b52b-4a07-baf5-19a0a23f21ef/file,false,20200709093410-RCNX0173.JPG,image/jpeg,,,
aa5556db,00a2c20d,activityDetection,2020-07-01T11:41:37+02:00,https://multimedia.agouti.eu/assets/aa5556db-3ae3-478c-b36d-5b9c636de8f9/file,false,20200709093410-RCNX0174.JPG,image/jpeg,,,
d7996476,00a2c20d,activityDetection,2020-07-01T11:41:37+02:00,https://multimedia.agouti.eu/assets/d7996476-05ba-456d-92a1-710aec904431/file,false,20200709093410-RCNX0175.JPG,image/jpeg,,,
ca4f21df,00a2c20d,activityDetection,2020-07-01T11:41:38+02:00,https://multimedia.agouti.eu/assets/ca4f21df-d73a-45d3-bf37-5dc806a4f85b/file,false,20200709093410-RCNX0176.JPG,image/jpeg,,,
7f7bafdb,00a2c20d,activityDetection,2020-07-01T11:41:39+02:00,https://multimedia.agouti.eu/assets/7f7bafdb-03b3-4d3d-a5b1-ffce2e87ea0c/file,false,20200709093410-RCNX0177.JPG,image/jpeg,,,
d99eb0b6,00a2c20d,activityDetection,2020-07-01T11:41:40+02:00,https://multimedia.agouti.eu/assets/d99eb0b6-d1da-435f-9814-95cb478d11df/file,false,20200709093410-RCNX0178.JPG,image/jpeg,,,
c27dc6e2,00a2c20d,activityDetection,2020-07-01T11:41:40+02:00,https://multimedia.agouti.eu/assets/c27dc6e2-0668-4af9-880b-31935876f4d9/file,false,20200709093410-RCNX0179.JPG,image/jpeg,,,
ec39bbdf,00a2c20d,activityDetection,2020-07-01T11:41:41+02:00,https://multimedia.agouti.eu/assets/ec39bbdf-493d-47a8-abc0-bf02f408f293/file,false,20200709093410-RCNX0180.JPG,image/jpeg,,,
3e65dfaa,29b7d356,activityDetection,2020-07-29T07:29:41+02:00,https://multimedia.agouti.eu/assets/3e65dfaa-b239-4834-b809-2bc1b06e26cc/file,true,20200815213846-RCNX0061.JPG,image/jpeg,,,
dbfba6c1,29b7d356,activityDetection,2020-07-29T07:29:42+02:00,https://multimedia.agouti.eu/assets/dbfba6c1-ec77-4048-9b3b-aac3ace43c24/file,true,20200815213846-RCNX0062.JPG,image/jpeg,,,
006d72c5,29b7d356,activityDetection,2020-07-29T07:29:43+02:00,https://multimedia.agouti.eu/assets/006d72c5-dcbc-4e7f-ac29-e6ca1644693f/file,true,20200815213846-RCNX0063.JPG,image/jpeg,,,
d7fde0a6,29b7d356,activityDetection,2020-07-29T07:29:43+02:00,https://multimedia.agouti.eu/assets/d7fde0a6-8b6f-41a5-be4a-ef3950aef757/file,true,20200815213846-RCNX0064.JPG,image/jpeg,,,
0b2b5fb0,29b7d356,activityDetection,2020-07-29T07:29:44+02:00,https://multimedia.agouti.eu/assets/0b2b5fb0-6220-4679-9b10-2b98d4ab866e/file,true,20200815213846-RCNX0065.JPG,image/jpeg,,,
402bd5dd,29b7d356,activityDetection,2020-07-29T07:29:44+02:00,https://multimedia.agouti.eu/assets/402bd5dd-da18-4403-a729-010197ed1214/file,true,20200815213848-RCNX0066.JPG,image/jpeg,,,
6f506725,29b7d356,activityDetection,2020-07-29T07:29:45+02:00,https://multimedia.agouti.eu/assets/6f506725-fa9b-4cbf-9c81-d9aa77d7c592/file,true,20200815213849-RCNX0067.JPG,image/jpeg,,,
1f76ae45,29b7d356,activityDetection,2020-07-29T07:29:46+02:00,https://multimedia.agouti.eu/assets/1f76ae45-2422-4fae-a479-a2f1163d5230/file,true,20200815213849-RCNX0068.JPG,image/jpeg,,,
6fb5e4ca,29b7d356,activityDetection,2020-07-29T07:29:46+02:00,https://multimedia.agouti.eu/assets/6fb5e4ca-ccb1-4358-8e24-7135a9aa2417/file,true,20200815213849-RCNX0069.JPG,image/jpeg,,,
2fd956b5,29b7d356,activityDetection,2020-07-29T07:29:47+02:00,https://multimedia.agouti.eu/assets/2fd956b5-f215-49a7-ae79-eb902216c044/file,true,20200815213849-RCNX0070.JPG,image/jpeg,,,
0ca1bfc7,29b7d356,activityDetection,2020-07-29T07:38:55+02:00,https://multimedia.agouti.eu/assets/0ca1bfc7-f5f4-4bd4-91b6-6e0b02399cbf/file,true,20200815213855-RCNX0071.JPG,image/jpeg,,,
fa6d8b73,29b7d356,activityDetection,2020-07-29T07:38:55+02:00,https://multimedia.agouti.eu/assets/fa6d8b73-c37a-42e9-8346-c0e26e1a5195/file,true,20200815213855-RCNX0072.JPG,image/jpeg,,,
3798e2c5,29b7d356,activityDetection,2020-07-29T07:38:56+02:00,https://multimedia.agouti.eu/assets/3798e2c5-9191-4980-97e0-dea9e271e97f/file,true,20200815213855-RCNX0073.JPG,image/jpeg,,,
be890542,29b7d356,activityDetection,2020-07-29T07:38:56+02:00,https://multimedia.agouti.eu/assets/be890542-6845-4c24-aefb-d29ac08e1ebb/file,true,20200815213855-RCNX0074.JPG,image/jpeg,,,
57214693,29b7d356,activityDetection,2020-07-29T07:38:57+02:00,https://multimedia.agouti.eu/assets/57214693-88a3-4449-b4e9-913656b74ea7/file,true,20200815213855-RCNX0075.JPG,image/jpeg,,,
d32e790c,29b7d356,activityDetection,2020-07-29T07:38:58+02:00,https://multimedia.agouti.eu/assets/d32e790c-a3c8-444a-b733-94505e3150ee/file,true,20200815213857-RCNX0076.JPG,image/jpeg,,,
1df7ff8a,29b7d356,activityDetection,2020-07-29T07:38:58+02:00,https://multimedia.agouti.eu/assets/1df7ff8a-bde1-4c9a-884e-687b347132c3/file,true,20200815213858-RCNX0077.JPG,image/jpeg,,,
ccab7c7d,29b7d356,activityDetection,2020-07-29T07:38:59+02:00,https://multimedia.agouti.eu/assets/ccab7c7d-fbd6-451d-ae07-9ad0f46cc26b/file,true,20200815213858-RCNX0078.JPG,image/jpeg,,,
fb19a8b7,29b7d356,activityDetection,2020-07-29T07:38:59+02:00,https://multimedia.agouti.eu/assets/fb19a8b7-1c7a-43dc-9173-1c1481bc7903/file,true,20200815213858-RCNX0079.JPG,image/jpeg,,,
3b11a509,29b7d356,activityDetection,2020-07-29T07:39:00+02:00,https://multimedia.agouti.eu/assets/3b11a509-ca8e-4b93-b295-85a52daddf74/file,true,20200815213859-RCNX0080.JPG,image/jpeg,,,
8263e85b,29b7d356,activityDetection,2020-07-29T07:46:48+02:00,https://multimedia.agouti.eu/assets/8263e85b-786a-4f62-9817-d54fb1dafb5d/file,true,20200815213900-RCNX0081.JPG,image/jpeg,,,
cf97e186,29b7d356,activityDetection,2020-07-29T07:46:49+02:00,https://multimedia.agouti.eu/assets/cf97e186-9679-4cd9-95fa-dfa50d8003cc/file,true,20200815213901-RCNX0082.JPG,image/jpeg,,,
969ee7eb,29b7d356,activityDetection,2020-07-29T07:46:49+02:00,https://multimedia.agouti.eu/assets/969ee7eb-6bd1-41b5-ac69-cd957e819f75/file,true,20200815213902-RCNX0083.JPG,image/jpeg,,,
2f80c542,29b7d356,activityDetection,2020-07-29T07:46:50+02:00,https://multimedia.agouti.eu/assets/2f80c542-7c7c-490f-a34b-297029f52a9b/file,true,20200815213902-RCNX0084.JPG,image/jpeg,,,
a67541cf,29b7d356,activityDetection,2020-07-29T07:46:51+02:00,https://multimedia.agouti.eu/assets/a67541cf-0769-44ca-9af1-853298cc7580/file,true,20200815213902-RCNX0085.JPG,image/jpeg,,,
00c300dc,29b7d356,activityDetection,2020-07-29T07:46:51+02:00,https://multimedia.agouti.eu/assets/00c300dc-68dc-4ad6-ac48-57a765794cc6/file,true,20200815213903-RCNX0086.JPG,image/jpeg,,,
e5a7fafa,29b7d356,activityDetection,2020-07-29T07:46:52+02:00,https://multimedia.agouti.eu/assets/e5a7fafa-ce79-4a57-82f3-2f9e4e35f1a9/file,true,20200815213904-RCNX0087.JPG,image/jpeg,,,
465e0790,29b7d356,activityDetection,2020-07-29T07:46:52+02:00,https://multimedia.agouti.eu/assets/465e0790-4e14-4169-ab82-3da2cd59ff9f/file,true,20200815213905-RCNX0088.JPG,image/jpeg,,,
a3d8e093,29b7d356,activityDetection,2020-07-29T07:46:53+02:00,https://multimedia.agouti.eu/assets/a3d8e093-2471-4a5c-bc77-20618e641dd3/file,true,20200815213905-RCNX0089.JPG,image/jpeg,,,
9aa6b614,29b7d356,activityDetection,2020-07-29T07:46:54+02:00,https://multimedia.agouti.eu/assets/9aa6b614-d598-44f1-b953-559bc00d1d84/file,true,20200815213905-RCNX0090.JPG,image/jpeg,,,
6ef7e463,29b7d356,activityDetection,2020-07-30T06:29:31+02:00,https://multimedia.agouti.eu/assets/6ef7e463-b487-4882-a705-2f0634949531/file,true,20200815213906-RCNX0091.JPG,image/jpeg,,,
9daa27f6,29b7d356,activityDetection,2020-07-30T06:29:32+02:00,https://multimedia.agouti.eu/assets/9daa27f6-c369-48a5-8ee4-42009111a96f/file,true,20200815213908-RCNX0092.JPG,image/jpeg,,,
d6de3d71,29b7d356,activityDetection,2020-07-30T06:29:33+02:00,https://multimedia.agouti.eu/assets/d6de3d71-2c18-457f-9ef9-40c9118c52d7/file,true,20200815213908-RCNX0093.JPG,image/jpeg,,,
1e381a4f,29b7d356,activityDetection,2020-07-30T06:29:33+02:00,https://multimedia.agouti.eu/assets/1e381a4f-25bd-46b6-ac26-5b8616f361bf/file,true,20200815213909-RCNX0094.JPG,image/jpeg,,,
d1d5db8f,29b7d356,activityDetection,2020-07-30T06:29:34+02:00,https://multimedia.agouti.eu/assets/d1d5db8f-3a59-42b7-9ee3-d06ca489ba1c/file,true,20200815213909-RCNX0095.JPG,image/jpeg,,,
7206f7aa,29b7d356,activityDetection,2020-07-30T06:29:34+02:00,https://multimedia.agouti.eu/assets/7206f7aa-89d1-477d-b528-9dc53c01af0d/file,true,20200815213910-RCNX0096.JPG,image/jpeg,,,
4c6b5b3b,29b7d356,activityDetection,2020-07-30T06:29:35+02:00,https://multimedia.agouti.eu/assets/4c6b5b3b-2b95-4480-954f-21f2b10c6206/file,true,20200815213911-RCNX0097.JPG,image/jpeg,,,
c953bbdb,29b7d356,activityDetection,2020-07-30T06:29:36+02:00,https://multimedia.agouti.eu/assets/c953bbdb-2c13-4d3a-ad6c-c320ff3f61bb/file,true,20200815213912-RCNX0098.JPG,image/jpeg,,,
9fb67f43,29b7d356,activityDetection,2020-07-30T06:29:36+02:00,https://multimedia.agouti.eu/assets/9fb67f43-2a62-4259-8623-a6e22394b157/file,true,20200815213912-RCNX0099.JPG,image/jpeg,,,
d432ab6f,29b7d356,activityDetection,2020-07-30T06:29:37+02:00,https://multimedia.agouti.eu/assets/d432ab6f-38a6-4336-9358-8bc630139f92/file,true,20200815213912-RCNX0100.JPG,image/jpeg,,,
58a41680,29b7d356,activityDetection,2020-07-31T06:43:33+02:00,https://multimedia.agouti.eu/assets/58a41680-8f1f-4751-bda6-a6fa86d9ed7c/file,true,20200815213913-RCNX0101.JPG,image/jpeg,,,
b84bcd80,29b7d356,activityDetection,2020-07-31T06:43:34+02:00,https://multimedia.agouti.eu/assets/b84bcd80-5d00-46b9-b3c3-f1e6282d2e53/file,true,20200815213915-RCNX0102.JPG,image/jpeg,,,
81d1219e,29b7d356,activityDetection,2020-07-31T06:43:34+02:00,https://multimedia.agouti.eu/assets/81d1219e-3cdf-46cf-99d9-ffc3f4214c2d/file,true,20200815213915-RCNX0103.JPG,image/jpeg,,,
85e5cd57,29b7d356,activityDetection,2020-07-31T06:43:35+02:00,https://multimedia.agouti.eu/assets/85e5cd57-989e-4a7c-882b-3185f0017280/file,true,20200815213916-RCNX0104.JPG,image/jpeg,,,
020dbfe0,29b7d356,activityDetection,2020-07-31T06:43:35+02:00,https://multimedia.agouti.eu/assets/020dbfe0-148b-443c-8a4b-7919e3323fa3/file,true,20200815213916-RCNX0105.JPG,image/jpeg,,,
fb144e45,29b7d356,activityDetection,2020-07-31T06:43:36+02:00,https://multimedia.agouti.eu/assets/fb144e45-cdeb-4e67-88af-f2956d87d930/file,true,20200815213916-RCNX0106.JPG,image/jpeg,,,
fb6eb723,29b7d356,activityDetection,2020-07-31T06:43:37+02:00,https://multimedia.agouti.eu/assets/fb6eb723-869f-47eb-9ddd-8cca98228bbf/file,true,20200815213918-RCNX0107.JPG,image/jpeg,,,
7aaee7d3,29b7d356,activityDetection,2020-07-31T06:43:37+02:00,https://multimedia.agouti.eu/assets/7aaee7d3-d946-465f-99b0-7b4cdf19aff1/file,true,20200815213919-RCNX0108.JPG,image/jpeg,,,
987e1ab4,29b7d356,activityDetection,2020-07-31T06:43:38+02:00,https://multimedia.agouti.eu/assets/987e1ab4-5e2a-4d2f-86a8-6615f0346079/file,true,20200815213919-RCNX0109.JPG,image/jpeg,,,
778315fe,29b7d356,activityDetection,2020-07-31T06:43:38+02:00,https://multimedia.agouti.eu/assets/778315fe-c62d-4a7f-96fc-5eea5d4377ac/file,true,20200815213920-RCNX0110.JPG,image/jpeg,,,
b9da91c2,29b7d356,activityDetection,2020-08-02T07:00:14+02:00,https://multimedia.agouti.eu/assets/b9da91c2-3dbc-42b8-a495-06b234f60670/file,true,20200815213919-RCNX0161.JPG,image/jpeg,,,
1b2d3e73,29b7d356,activityDetection,2020-08-02T07:00:15+02:00,https://multimedia.agouti.eu/assets/1b2d3e73-b95e-4217-90a1-4c45a75b00fe/file,true,20200815213921-RCNX0162.JPG,image/jpeg,,,
da6db024,29b7d356,activityDetection,2020-08-02T07:00:15+02:00,https://multimedia.agouti.eu/assets/da6db024-ce23-4438-9470-f7417cb9da76/file,true,20200815213922-RCNX0163.JPG,image/jpeg,,,
4a4c3a2e,29b7d356,activityDetection,2020-08-02T07:00:16+02:00,https://multimedia.agouti.eu/assets/4a4c3a2e-39fc-4cb0-a650-810e5c904475/file,true,20200815213922-RCNX0164.JPG,image/jpeg,,,
59b38bc6,29b7d356,activityDetection,2020-08-02T07:00:16+02:00,https://multimedia.agouti.eu/assets/59b38bc6-c0c9-4917-b924-c135d1cd4fe1/file,true,20200815213922-RCNX0165.JPG,image/jpeg,"{""ISO"": 640, ""Make"": ""RECONYX"", ""Flash"": ""Auto, Did not fire"", ""Model"": ""HF2 SECURITY"", ""ColorSpace"": ""sRGB"", ""CreateDate"": ""2020:08:02 07:00:16"", ""ModifyDate"": ""2020:08:02 07:00:16"", ""ExifVersion"": ""0220"", ""XResolution"": 72, ""YResolution"": 72, ""ExposureMode"": ""Auto"", ""ExposureTime"": ""1/30"", ""WhiteBalance"": ""Manual"", ""ExifImageWidth"": 2048, ""ResolutionUnit"": ""inches"", ""TimeZoneOffset"": 0, ""ExifImageHeight"": 1440, ""FlashpixVersion"": ""0100"", ""DateTimeOriginal"": ""2020:08:02 07:00:16"", ""SceneCaptureType"": ""Standard"", ""YCbCrPositioning"": ""Co-sited"", ""ComponentsConfiguration"": ""Y, Cb, Cr, -""}, ""File"": {""FileName"": ""20200815213922-RCNX0165.JPG"", ""FileSize"": ""616 kB"", ""FileType"": ""JPEG"", ""MIMEType"": ""image/jpeg"", ""Directory"": ""/opt/app/uploads/deployment-images/20191001132016-untitled/29b7d356-4bb4-4ec4-b792-2af5cc32efa8"", ""ImageWidth"": 2048, ""ImageHeight"": 1440, ""BitsPerSample"": 8, ""ExifByteOrder"": ""Little-endian (Intel, II)"", ""FileAccessDate"": ""2020:08:15 21:39:22+00:00"", ""FileModifyDate"": ""2020:08:15 21:39:22+00:00"", ""ColorComponents"": 3, ""EncodingProcess"": ""Baseline DCT, Huffman coding"", ""FilePermissions"": ""rw-r--r--"", ""YCbCrSubSampling"": ""YCbCr4:2:2 (2 1)"", ""FileTypeExtension"": ""jpg"", ""FileInodeChangeDate"": ""2020:08:15 21:39:22+00:00""}, ""ExifTool"": {""Warning"": ""[minor] Unrecognized MakerNotes"", ""ExifToolVersion"": 10.61}, ""Composite"": {""ImageSize"": ""2048x1440"", ""Megapixels"": 2.9, ""ShutterSpeed"": ""1/30""}, ""SourceFile"": ""/opt/app/uploads/deployment-images/20191001132016-untitled/29b7d356-4bb4-4ec4-b792-2af5cc32efa8/20200815213922-RCNX0165.JPG""}",true,used for figure
108f94c9,29b7d356,activityDetection,2020-08-02T07:00:17+02:00,https://multimedia.agouti.eu/assets/108f94c9-dbe6-49a5-a2f8-e76934ab0d8f/file,true,20200815213923-RCNX0166.JPG,image/jpeg,,,
cc50edaa,29b7d356,activityDetection,2020-08-02T07:00:18+02:00,https://multimedia.agouti.eu/assets/cc50edaa-ec7d-4c1e-900c-8885e279f9dd/file,true,20200815213924-RCNX0167.JPG,image/jpeg,"{""ISO"": 640, ""Make"": ""RECONYX"", ""Flash"": ""Auto, Did not fire"", ""Model"": ""HF2 SECURITY"", ""ColorSpace"": ""sRGB"", ""CreateDate"": ""2020:08:02 07:00:18"", ""ModifyDate"": ""2020:08:02 07:00:18"", ""ExifVersion"": ""0220"", ""XResolution"": 72, ""YResolution"": 72, ""ExposureMode"": ""Auto"", ""ExposureTime"": ""1/30"", ""WhiteBalance"": ""Manual"", ""ExifImageWidth"": 2048, ""ResolutionUnit"": ""inches"", ""TimeZoneOffset"": 0, ""ExifImageHeight"": 1440, ""FlashpixVersion"": ""0100"", ""DateTimeOriginal"": ""2020:08:02 07:00:18"", ""SceneCaptureType"": ""Standard"", ""YCbCrPositioning"": ""Co-sited"", ""ComponentsConfiguration"": ""Y, Cb, Cr, -""}, ""File"": {""FileName"": ""20200815213924-RCNX0167.JPG"", ""FileSize"": ""608 kB"", ""FileType"": ""JPEG"", ""MIMEType"": ""image/jpeg"", ""Directory"": ""/opt/app/uploads/deployment-images/20191001132016-untitled/29b7d356-4bb4-4ec4-b792-2af5cc32efa8"", ""ImageWidth"": 2048, ""ImageHeight"": 1440, ""BitsPerSample"": 8, ""ExifByteOrder"": ""Little-endian (Intel, II)"", ""FileAccessDate"": ""2020:08:15 21:39:24+00:00"", ""FileModifyDate"": ""2020:08:15 21:39:24+00:00"", ""ColorComponents"": 3, ""EncodingProcess"": ""Baseline DCT, Huffman coding"", ""FilePermissions"": ""rw-r--r--"", ""YCbCrSubSampling"": ""YCbCr4:2:2 (2 1)"", ""FileTypeExtension"": ""jpg"", ""FileInodeChangeDate"": ""2020:08:15 21:39:24+00:00""}, ""ExifTool"": {""Warning"": ""[minor] Unrecognized MakerNotes"", ""ExifToolVersion"": 10.61}, ""Composite"": {""ImageSize"": ""2048x1440"", ""Megapixels"": 2.9, ""ShutterSpeed"": ""1/30""}, ""SourceFile"": ""/opt/app/uploads/deployment-images/20191001132016-untitled/29b7d356-4bb4-4ec4-b792-2af5cc32efa8/20200815213924-RCNX0167.JPG""}",true,used for figure
cb2cf96f,29b7d356,activityDetection,2020-08-02T07:00:18+02:00,https://multimedia.agouti.eu/assets/cb2cf96f-7ed0-42da-9ded-5fd99ef85cc1/file,true,20200815213925-RCNX0168.JPG,image/jpeg,,,
0966e552,29b7d356,activityDetection,2020-08-02T07:00:19+02:00,https://multimedia.agouti.eu/assets/0966e552-2b23-4a2a-a21f-8602bdfbf766/file,true,20200815213925-RCNX0169.JPG,image/jpeg,"{""ISO"": 640, ""Make"": ""RECONYX"", ""Flash"": ""Auto, Did not fire"", ""Model"": ""HF2 SECURITY"", ""ColorSpace"": ""sRGB"", ""CreateDate"": ""2020:08:02 07:00:19"", ""ModifyDate"": ""2020:08:02 07:00:19"", ""ExifVersion"": ""0220"", ""XResolution"": 72, ""YResolution"": 72, ""ExposureMode"": ""Auto"", ""ExposureTime"": ""1/30"", ""WhiteBalance"": ""Manual"", ""ExifImageWidth"": 2048, ""ResolutionUnit"": ""inches"", ""TimeZoneOffset"": 0, ""ExifImageHeight"": 1440, ""FlashpixVersion"": ""0100"", ""DateTimeOriginal"": ""2020:08:02 07:00:19"", ""SceneCaptureType"": ""Standard"", ""YCbCrPositioning"": ""Co-sited"", ""ComponentsConfiguration"": ""Y, Cb, Cr, -""}, ""File"": {""FileName"": ""20200815213925-RCNX0169.JPG"", ""FileSize"": ""615 kB"", ""FileType"": ""JPEG"", ""MIMEType"": ""image/jpeg"", ""Directory"": ""/opt/app/uploads/deployment-images/20191001132016-untitled/29b7d356-4bb4-4ec4-b792-2af5cc32efa8"", ""ImageWidth"": 2048, ""ImageHeight"": 1440, ""BitsPerSample"": 8, ""ExifByteOrder"": ""Little-endian (Intel, II)"", ""FileAccessDate"": ""2020:08:15 21:39:25+00:00"", ""FileModifyDate"": ""2020:08:15 21:39:25+00:00"", ""ColorComponents"": 3, ""EncodingProcess"": ""Baseline DCT, Huffman coding"", ""FilePermissions"": ""rw-r--r--"", ""YCbCrSubSampling"": ""YCbCr4:2:2 (2 1)"", ""FileTypeExtension"": ""jpg"", ""FileInodeChangeDate"": ""2020:08:15 21:39:25+00:00""}, ""ExifTool"": {""Warning"": ""[minor] Unrecognized MakerNotes"", ""ExifToolVersion"": 10.61}, ""Composite"": {""ImageSize"": ""2048x1440"", ""Megapixels"": 2.9, ""ShutterSpeed"": ""1/30""}, ""SourceFile"": ""/opt/app/uploads/deployment-images/20191001132016-untitled/29b7d356-4bb4-4ec4-b792-2af5cc32efa8/20200815213925-RCNX0169.JPG""}",true,used for figure
b6ff482b,29b7d356,activityDetection,2020-08-02T07:00:19+02:00,https://multimedia.agouti.eu/assets/b6ff482b-32a5-43f0-aa03-84dfed50a290/file,true,20200815213925-RCNX0170.JPG,image/jpeg,,,
89e33664,29b7d356,activityDetection,2020-08-02T07:00:30+02:00,https://multimedia.agouti.eu/assets/89e33664-eb70-412f-97a4-8d830b820f46/file,true,20200815213926-RCNX0171.JPG,image/jpeg,,,
bba70d2c,29b7d356,activityDetection,2020-08-02T07:00:30+02:00,https://multimedia.agouti.eu/assets/bba70d2c-6c19-4be9-91ec-25399d243d51/file,true,20200815213927-RCNX0172.JPG,image/jpeg,,,
3cd5626b,29b7d356,activityDetection,2020-08-02T07:00:31+02:00,https://multimedia.agouti.eu/assets/3cd5626b-3b13-4fa1-a1f9-762d6a838b16/file,true,20200815213927-RCNX0173.JPG,image/jpeg,,,
b3c59481,29b7d356,activityDetection,2020-08-02T07:00:31+02:00,https://multimedia.agouti.eu/assets/b3c59481-3869-4e91-a593-b2bbe8b8770c/file,true,20200815213928-RCNX0174.JPG,image/jpeg,,,
f47cdfd8,29b7d356,activityDetection,2020-08-02T07:00:32+02:00,https://multimedia.agouti.eu/assets/f47cdfd8-3bae-4c17-8b1e-9b56a7e55e00/file,true,20200815213928-RCNX0175.JPG,image/jpeg,,,
559ec9a8,29b7d356,activityDetection,2020-08-02T07:00:33+02:00,https://multimedia.agouti.eu/assets/559ec9a8-b481-481e-98bc-2f97f6e5a1b5/file,true,20200815213929-RCNX0176.JPG,image/jpeg,,,
48a94186,29b7d356,activityDetection,2020-08-02T07:00:33+02:00,https://multimedia.agouti.eu/assets/48a94186-d7db-427b-b6af-6b18eba825e9/file,true,20200815213930-RCNX0177.JPG,image/jpeg,,,
47e7bc9f,29b7d356,activityDetection,2020-08-02T07:00:34+02:00,https://multimedia.agouti.eu/assets/47e7bc9f-2d50-4b7c-b586-d6e314956a58/file,true,20200815213930-RCNX0178.JPG,image/jpeg,,,
2adb0dde,29b7d356,activityDetection,2020-08-02T07:00:34+02:00,https://multimedia.agouti.eu/assets/2adb0dde-61ed-4994-b7ad-1f29dbf8ed4b/file,true,20200815213931-RCNX0179.JPG,image/jpeg,,,
80ba0e0b,29b7d356,activityDetection,2020-08-02T07:00:35+02:00,https://multimedia.agouti.eu/assets/80ba0e0b-bbf5-46e4-bdf6-78b90fa876ad/file,true,20200815213931-RCNX0180.JPG,image/jpeg,,,
27c6cb3d,29b7d356,activityDetection,2020-08-02T07:01:00+02:00,https://multimedia.agouti.eu/assets/27c6cb3d-2c61-469d-8940-16d50ab272c2/file,true,20200815213932-RCNX0181.JPG,image/jpeg,,,
d32c67ed,29b7d356,activityDetection,2020-08-02T07:01:01+02:00,https://multimedia.agouti.eu/assets/d32c67ed-09df-46c0-83e0-9aaa75303b6d/file,true,20200815213933-RCNX0182.JPG,image/jpeg,,,
be5d44fd,29b7d356,activityDetection,2020-08-02T07:01:01+02:00,https://multimedia.agouti.eu/assets/be5d44fd-6d1b-454d-a0e9-7d07262f8372/file,true,20200815213933-RCNX0183.JPG,image/jpeg,,,
08b56231,29b7d356,activityDetection,2020-08-02T07:01:02+02:00,https://multimedia.agouti.eu/assets/08b56231-4131-4dab-9894-55ae4ea46fc7/file,true,20200815213934-RCNX0184.JPG,image/jpeg,,,
ccb03b7e,29b7d356,activityDetection,2020-08-02T07:01:02+02:00,https://multimedia.agouti.eu/assets/ccb03b7e-d741-4d69-b5a4-36a1998c4372/file,true,20200815213934-RCNX0185.JPG,image/jpeg,,,
fbf8292b,29b7d356,activityDetection,2020-08-02T07:01:03+02:00,https://multimedia.agouti.eu/assets/fbf8292b-3e46-4d09-a70f-65499ca75496/file,true,20200815213934-RCNX0186.JPG,image/jpeg,,,
5b71377d,29b7d356,activityDetection,2020-08-02T07:01:04+02:00,https://multimedia.agouti.eu/assets/5b71377d-abed-4d1e-ac25-9870a23b3e3d/file,true,20200815213936-RCNX0187.JPG,image/jpeg,,,
6c4db631,29b7d356,activityDetection,2020-08-02T07:01:04+02:00,https://multimedia.agouti.eu/assets/6c4db631-63db-4eca-8ca1-152a7f2bcc16/file,true,20200815213936-RCNX0188.JPG,image/jpeg,,,
a6a07d02,29b7d356,activityDetection,2020-08-02T07:01:05+02:00,https://multimedia.agouti.eu/assets/a6a07d02-7817-4e7a-af80-4a1b9832a291/file,true,20200815213937-RCNX0189.JPG,image/jpeg,,,
73efdfb6,29b7d356,activityDetection,2020-08-02T07:01:05+02:00,https://multimedia.agouti.eu/assets/73efdfb6-0d6c-49e8-8c17-8672b0b6700f/file,true,20200815213937-RCNX0190.JPG,image/jpeg,,,
dbe27f82,29b7d356,activityDetection,2020-08-03T07:09:12+02:00,https://multimedia.agouti.eu/assets/dbe27f82-d136-4d4b-8d89-27145c0eef77/file,true,20200815213937-RCNX0411.JPG,image/jpeg,,,
9a14a118,29b7d356,activityDetection,2020-08-03T07:09:13+02:00,https://multimedia.agouti.eu/assets/9a14a118-92ad-4030-bc4b-cb78a16c2bdb/file,true,20200815213938-RCNX0412.JPG,image/jpeg,,,
4b414100,29b7d356,activityDetection,2020-08-03T07:09:14+02:00,https://multimedia.agouti.eu/assets/4b414100-5b0f-46d8-b9be-823efff0c210/file,true,20200815213939-RCNX0413.JPG,image/jpeg,,,
fa90a9a6,29b7d356,activityDetection,2020-08-03T07:09:14+02:00,https://multimedia.agouti.eu/assets/fa90a9a6-cba5-4b1b-b467-9cc5a763548e/file,true,20200815213939-RCNX0414.JPG,image/jpeg,,,
1564e7e4,29b7d356,activityDetection,2020-08-03T07:09:15+02:00,https://multimedia.agouti.eu/assets/1564e7e4-f828-4e2d-9b82-959378c6f2c9/file,true,20200815213940-RCNX0415.JPG,image/jpeg,,,
6578077a,29b7d356,activityDetection,2020-08-03T07:09:16+02:00,https://multimedia.agouti.eu/assets/6578077a-1be5-4725-8c42-f84abe27b4cc/file,true,20200815213940-RCNX0416.JPG,image/jpeg,,,
eb0801ce,29b7d356,activityDetection,2020-08-03T07:09:16+02:00,https://multimedia.agouti.eu/assets/eb0801ce-b313-43d5-811c-c094d661479f/file,true,20200815213941-RCNX0417.JPG,image/jpeg,,,
ef8b850b,29b7d356,activityDetection,2020-08-03T07:09:17+02:00,https://multimedia.agouti.eu/assets/ef8b850b-32ca-47a6-a513-3b41909eae43/file,true,20200815213941-RCNX0418.JPG,image/jpeg,,,
da457b46,29b7d356,activityDetection,2020-08-03T07:09:18+02:00,https://multimedia.agouti.eu/assets/da457b46-0d02-4713-afe8-657c1e9dbcbd/file,true,20200815213942-RCNX0419.JPG,image/jpeg,,,
5eaf82c8,29b7d356,activityDetection,2020-08-03T07:09:18+02:00,https://multimedia.agouti.eu/assets/5eaf82c8-f417-4f39-b862-0a785f69485a/file,true,20200815213942-RCNX0420.JPG,image/jpeg,,,
a961b9e3,29b7d356,activityDetection,2020-08-04T07:04:09+02:00,https://multimedia.agouti.eu/assets/a961b9e3-b4b0-4775-8de7-f43f36a2e792/file,true,20200815213943-RCNX0421.JPG,image/jpeg,,,
1175ff4d,29b7d356,activityDetection,2020-08-04T07:04:10+02:00,https://multimedia.agouti.eu/assets/1175ff4d-d6f6-4e16-bfc6-6793339d0635/file,true,20200815213944-RCNX0422.JPG,image/jpeg,,,
87867967,29b7d356,activityDetection,2020-08-04T07:04:10+02:00,https://multimedia.agouti.eu/assets/87867967-9555-4d50-8aa8-5d70b40c1494/file,true,20200815213944-RCNX0423.JPG,image/jpeg,,,
a413d1d3,29b7d356,activityDetection,2020-08-04T07:04:11+02:00,https://multimedia.agouti.eu/assets/a413d1d3-3a27-494a-b19c-661be314c60a/file,true,20200815213945-RCNX0424.JPG,image/jpeg,,,
ed688d21,29b7d356,activityDetection,2020-08-04T07:04:11+02:00,https://multimedia.agouti.eu/assets/ed688d21-8d1c-47fa-9caf-862506d4e8d9/file,true,20200815213945-RCNX0425.JPG,image/jpeg,,,
cc337594,29b7d356,activityDetection,2020-08-04T07:04:12+02:00,https://multimedia.agouti.eu/assets/cc337594-31b5-4c06-a28f-399d46df0740/file,true,20200815213946-RCNX0426.JPG,image/jpeg,,,
3bf07ad2,29b7d356,activityDetection,2020-08-04T07:04:13+02:00,https://multimedia.agouti.eu/assets/3bf07ad2-8f06-4d6b-b610-a7569024426e/file,true,20200815213947-RCNX0427.JPG,image/jpeg,,,
bdf0a9e8,29b7d356,activityDetection,2020-08-04T07:04:13+02:00,https://multimedia.agouti.eu/assets/bdf0a9e8-e5e6-4487-b4bb-64c8de88070f/file,true,20200815213947-RCNX0428.JPG,image/jpeg,,,
7c5e4e07,29b7d356,activityDetection,2020-08-04T07:04:14+02:00,https://multimedia.agouti.eu/assets/7c5e4e07-bd98-4426-985e-e30d03e40acf/file,true,20200815213948-RCNX0429.JPG,image/jpeg,,,
745a7960,29b7d356,activityDetection,2020-08-04T07:04:14+02:00,https://multimedia.agouti.eu/assets/745a7960-d94f-488e-a48b-a4d1dc4557fb/file,true,20200815213948-RCNX0430.JPG,image/jpeg,,,
d6c62df3,29b7d356,activityDetection,2020-08-05T07:02:01+02:00,https://multimedia.agouti.eu/assets/d6c62df3-5c9f-4dc8-b6ac-db3d7a4eba9c/file,true,20200815213949-RCNX0481.JPG,image/jpeg,,,
64e03524,29b7d356,activityDetection,2020-08-05T07:02:02+02:00,https://multimedia.agouti.eu/assets/64e03524-684b-460f-8e73-04ba098b26e4/file,true,20200815213950-RCNX0482.JPG,image/jpeg,,,
b6de2aaf,29b7d356,activityDetection,2020-08-05T07:02:03+02:00,https://multimedia.agouti.eu/assets/b6de2aaf-b091-4710-9035-b87ee29aa9ac/file,true,20200815213951-RCNX0483.JPG,image/jpeg,,,
6180f232,29b7d356,activityDetection,2020-08-05T07:02:03+02:00,https://multimedia.agouti.eu/assets/6180f232-d684-4570-8661-9490a5f0e35b/file,true,20200815213951-RCNX0484.JPG,image/jpeg,,,
6dc44acb,29b7d356,activityDetection,2020-08-05T07:02:04+02:00,https://multimedia.agouti.eu/assets/6dc44acb-9909-4603-9021-1d79a7d9e0d5/file,true,20200815213951-RCNX0485.JPG,image/jpeg,,,
e87af601,29b7d356,activityDetection,2020-08-05T07:02:05+02:00,https://multimedia.agouti.eu/assets/e87af601-3d5f-45a4-aa86-c2183c08978c/file,true,20200815213953-RCNX0486.JPG,image/jpeg,,,
4776e031,29b7d356,activityDetection,2020-08-05T07:02:05+02:00,https://multimedia.agouti.eu/assets/4776e031-412a-4099-a5e1-163dec5f4fe7/file,true,20200815213954-RCNX0487.JPG,image/jpeg,,,
b140bd0c,29b7d356,activityDetection,2020-08-05T07:02:06+02:00,https://multimedia.agouti.eu/assets/b140bd0c-3689-417b-bd82-6ee791acc13b/file,true,20200815213954-RCNX0488.JPG,image/jpeg,,,
9d0e655e,29b7d356,activityDetection,2020-08-05T07:02:06+02:00,https://multimedia.agouti.eu/assets/9d0e655e-0b3a-4884-8078-79c997ca0cd2/file,true,20200815213954-RCNX0489.JPG,image/jpeg,,,
7c304fdb,29b7d356,activityDetection,2020-08-05T07:02:07+02:00,https://multimedia.agouti.eu/assets/7c304fdb-3b40-41d5-9bc1-a9fafb24071f/file,true,20200815213955-RCNX0490.JPG,image/jpeg,,,
e9ccfa09,29b7d356,activityDetection,2020-08-08T06:20:35+02:00,https://multimedia.agouti.eu/assets/e9ccfa09-2419-408f-bdbb-def4f90c4c21/file,true,20200815213953-RCNX0601.JPG,image/jpeg,,,
b5781dba,29b7d356,activityDetection,2020-08-08T06:20:35+02:00,https://multimedia.agouti.eu/assets/b5781dba-e9ba-42b5-805e-625faefda565/file,true,20200815213954-RCNX0602.JPG,image/jpeg,,,
459dddf7,29b7d356,activityDetection,2020-08-08T06:20:36+02:00,https://multimedia.agouti.eu/assets/459dddf7-0b00-45d7-8020-15d7bbc7f667/file,true,20200815213954-RCNX0603.JPG,image/jpeg,,,
ecf09d2b,29b7d356,activityDetection,2020-08-08T06:20:37+02:00,https://multimedia.agouti.eu/assets/ecf09d2b-0e41-47db-983d-f8eb8be55a34/file,true,20200815213955-RCNX0604.JPG,image/jpeg,,,
36c14ad3,29b7d356,activityDetection,2020-08-08T06:20:37+02:00,https://multimedia.agouti.eu/assets/36c14ad3-6db5-41e2-921b-adbfdf0e784b/file,true,20200815213955-RCNX0605.JPG,image/jpeg,,,
e61ffa75,29b7d356,activityDetection,2020-08-08T06:20:38+02:00,https://multimedia.agouti.eu/assets/e61ffa75-87bc-4fe1-b74a-2505e86bbe8f/file,true,20200815213955-RCNX0606.JPG,image/jpeg,,,
76490dff,29b7d356,activityDetection,2020-08-08T06:20:38+02:00,https://multimedia.agouti.eu/assets/76490dff-ea98-4a31-9512-67c2700a1af4/file,true,20200815213955-RCNX0607.JPG,image/jpeg,,,
f28ece39,29b7d356,activityDetection,2020-08-08T06:20:39+02:00,https://multimedia.agouti.eu/assets/f28ece39-6196-4854-8720-77961f009cb1/file,true,20200815213955-RCNX0608.JPG,image/jpeg,,,
832a486a,29b7d356,activityDetection,2020-08-08T06:20:40+02:00,https://multimedia.agouti.eu/assets/832a486a-2ef3-4ed1-9e53-d95aba3a2a6b/file,true,20200815213955-RCNX0609.JPG,image/jpeg,,,
aaf4fd97,29b7d356,activityDetection,2020-08-08T06:20:40+02:00,https://multimedia.agouti.eu/assets/aaf4fd97-a6c6-465c-80cd-f3b2e99840ea/file,true,20200815213955-RCNX0610.JPG,image/jpeg,,,
b42ddc97,577b543a,timeLapse,2020-06-19T23:00:00+02:00,https://multimedia.agouti.eu/assets/b42ddc97-9c08-4518-b6ac-34b0e63a0e50/file,true,20200811211203-RCNX0001.JPG,image/jpeg,,,
72a7147a,577b543a,timeLapse,2020-06-20T00:00:00+02:00,https://multimedia.agouti.eu/assets/72a7147a-2742-4a2f-b33c-1344f16767d2/file,true,20200811211203-RCNX0002.JPG,image/jpeg,,,
44201e9e,577b543a,activityDetection,2020-06-20T00:05:55+02:00,https://multimedia.agouti.eu/assets/44201e9e-7cfe-43d8-9c3e-551a0f40145d/file,true,20200811211203-RCNX0003.JPG,image/jpeg,,,
4c8086c7,577b543a,activityDetection,2020-06-20T00:05:55+02:00,https://multimedia.agouti.eu/assets/4c8086c7-9b32-4ef1-b60f-8cb2d231f79f/file,true,20200811211203-RCNX0004.JPG,image/jpeg,,,
aea55534,577b543a,activityDetection,2020-06-20T00:05:56+02:00,https://multimedia.agouti.eu/assets/aea55534-89fd-4c55-ab8e-21e000f344cb/file,true,20200811211203-RCNX0005.JPG,image/jpeg,,,
7329cccb,577b543a,activityDetection,2020-06-20T00:05:57+02:00,https://multimedia.agouti.eu/assets/7329cccb-3f1c-458e-9e97-3c10dbfa6598/file,true,20200811211204-RCNX0006.JPG,image/jpeg,,,
46fb91af,577b543a,activityDetection,2020-06-20T00:05:57+02:00,https://multimedia.agouti.eu/assets/46fb91af-5825-4a72-ae1d-a152e00aef43/file,true,20200811211204-RCNX0007.JPG,image/jpeg,,,
8608b7ef,577b543a,activityDetection,2020-06-20T00:05:58+02:00,https://multimedia.agouti.eu/assets/8608b7ef-00e2-4585-acdf-86665f885a57/file,true,20200811211204-RCNX0008.JPG,image/jpeg,,,
6709f244,577b543a,activityDetection,2020-06-20T00:05:58+02:00,https://multimedia.agouti.eu/assets/6709f244-9c70-4a77-ab16-b4d607425b59/file,true,20200811211204-RCNX0009.JPG,image/jpeg,,,
d1f2810a,577b543a,activityDetection,2020-06-20T00:05:59+02:00,https://multimedia.agouti.eu/assets/d1f2810a-8814-4b1a-91b7-9c43f1b61581/file,true,20200811211204-RCNX0010.JPG,image/jpeg,,,
fe0b0683,577b543a,activityDetection,2020-06-20T00:06:00+02:00,https://multimedia.agouti.eu/assets/fe0b0683-3e3d-4af9-b15f-65634930d178/file,true,20200811211205-RCNX0011.JPG,image/jpeg,,,
a4a2edd4,577b543a,activityDetection,2020-06-20T00:06:00+02:00,https://multimedia.agouti.eu/assets/a4a2edd4-c034-42ee-910b-9344990be7f8/file,true,20200811211205-RCNX0012.JPG,image/jpeg,,,
a8848796,577b543a,activityDetection,2020-06-20T00:31:51+02:00,https://multimedia.agouti.eu/assets/a8848796-07ce-40e5-95ec-c9436f7ed919/file,true,20200811211205-RCNX0013.JPG,image/jpeg,,,
e470918a,577b543a,activityDetection,2020-06-20T00:31:51+02:00,https://multimedia.agouti.eu/assets/e470918a-4d8e-4601-8e46-dbb90da0ce66/file,true,20200811211205-RCNX0014.JPG,image/jpeg,,,
5ff74dc7,577b543a,activityDetection,2020-06-20T00:31:52+02:00,https://multimedia.agouti.eu/assets/5ff74dc7-ad0f-465f-8a24-7ab2e32e617d/file,true,20200811211205-RCNX0015.JPG,image/jpeg,,,
27e8fb0c,577b543a,activityDetection,2020-06-20T00:31:53+02:00,https://multimedia.agouti.eu/assets/27e8fb0c-f3ce-4453-92b5-6f4a3b1bca4d/file,true,20200811211206-RCNX0016.JPG,image/jpeg,,,
9721100f,577b543a,activityDetection,2020-06-20T00:31:53+02:00,https://multimedia.agouti.eu/assets/9721100f-a512-4348-b050-5b4e8f568208/file,true,20200811211206-RCNX0017.JPG,image/jpeg,,,
356cae2f,577b543a,activityDetection,2020-06-20T00:31:54+02:00,https://multimedia.agouti.eu/assets/356cae2f-2c95-416e-85ca-1d32e4670f6a/file,true,20200811211206-RCNX0018.JPG,image/jpeg,,,
0ec13e8a,577b543a,activityDetection,2020-06-20T00:31:54+02:00,https://multimedia.agouti.eu/assets/0ec13e8a-1768-4d51-9be9-be810b0d9f82/file,true,20200811211206-RCNX0019.JPG,image/jpeg,,,
fde2387d,577b543a,activityDetection,2020-06-20T00:31:55+02:00,https://multimedia.agouti.eu/assets/fde2387d-6ca9-475f-bdf9-f37b1599ef40/file,true,20200811211206-RCNX0020.JPG,image/jpeg,,,
e41c5c84,577b543a,activityDetection,2020-06-20T00:31:56+02:00,https://multimedia.agouti.eu/assets/e41c5c84-e8b3-4a7a-97ec-6bb9903e9286/file,true,20200811211207-RCNX0021.JPG,image/jpeg,,,
1d268bc4,577b543a,activityDetection,2020-06-20T00:31:56+02:00,https://multimedia.agouti.eu/assets/1d268bc4-c1e5-4593-8844-6270ee93d1c5/file,true,20200811211207-RCNX0022.JPG,image/jpeg,,,
91de8c9e,577b543a,activityDetection,2020-06-24T01:33:53+02:00,https://multimedia.agouti.eu/assets/91de8c9e-93a2-4828-afaf-e21370118402/file,true,20200811211207-RCNX0056.JPG,image/jpeg,,,
7f0758ac,577b543a,activityDetection,2020-06-24T01:33:54+02:00,https://multimedia.agouti.eu/assets/7f0758ac-5f3c-4857-bfb7-9222c2414b34/file,true,20200811211207-RCNX0057.JPG,image/jpeg,,,
7fc6cb24,577b543a,activityDetection,2020-06-24T01:33:54+02:00,https://multimedia.agouti.eu/assets/7fc6cb24-9a1b-4cd2-a5a0-c89e6d67107f/file,true,20200811211207-RCNX0058.JPG,image/jpeg,,,
a7471c68,577b543a,activityDetection,2020-06-24T01:33:55+02:00,https://multimedia.agouti.eu/assets/a7471c68-30fb-4ca0-b21e-e83b54598298/file,true,20200811211208-RCNX0059.JPG,image/jpeg,,,
bb7db1c9,577b543a,activityDetection,2020-06-24T01:33:55+02:00,https://multimedia.agouti.eu/assets/bb7db1c9-b135-4e69-a4e0-e392f2d107eb/file,true,20200811211208-RCNX0060.JPG,image/jpeg,,,
5b0ccf8a,577b543a,activityDetection,2020-06-24T01:33:56+02:00,https://multimedia.agouti.eu/assets/5b0ccf8a-4696-4814-8bb6-c96bb248bc3f/file,true,20200811211208-RCNX0061.JPG,image/jpeg,,,
b2d9a8fd,577b543a,activityDetection,2020-06-24T01:33:57+02:00,https://multimedia.agouti.eu/assets/b2d9a8fd-26dd-4b8a-b1c2-72af24345678/file,true,20200811211208-RCNX0062.JPG,image/jpeg,,,
85d6e8af,577b543a,activityDetection,2020-06-24T01:33:57+02:00,https://multimedia.agouti.eu/assets/85d6e8af-2a0f-4fdb-b97b-9748f4306bd2/file,true,20200811211208-RCNX0063.JPG,image/jpeg,,,
44ea67af,577b543a,activityDetection,2020-06-24T01:33:58+02:00,https://multimedia.agouti.eu/assets/44ea67af-a429-4b42-954e-8e4da73105ce/file,true,20200811211208-RCNX0064.JPG,image/jpeg,,,
8e22f5a4,577b543a,activityDetection,2020-06-24T01:33:58+02:00,https://multimedia.agouti.eu/assets/8e22f5a4-7655-45e4-ae15-a0ff93772ef5/file,true,20200811211209-RCNX0065.JPG,image/jpeg,,,
f011d0e6,577b543a,activityDetection,2020-06-26T04:09:25+02:00,https://multimedia.agouti.eu/assets/f011d0e6-bb8b-4d90-a8de-ac5f4aa0646d/file,true,20200811211209-RCNX0084.JPG,image/jpeg,,,
b3374ef1,577b543a,activityDetection,2020-06-26T04:09:25+02:00,https://multimedia.agouti.eu/assets/b3374ef1-9b71-47a4-9c86-e56491b9d51e/file,true,20200811211209-RCNX0085.JPG,image/jpeg,,,
1c601054,577b543a,activityDetection,2020-06-26T04:09:26+02:00,https://multimedia.agouti.eu/assets/1c601054-f435-4f12-bc32-a0d120b33f63/file,true,20200811211209-RCNX0086.JPG,image/jpeg,,,
b43f1608,577b543a,activityDetection,2020-06-26T04:09:27+02:00,https://multimedia.agouti.eu/assets/b43f1608-acb7-46f4-a601-706942323b13/file,true,20200811211209-RCNX0087.JPG,image/jpeg,,,
81523d1f,577b543a,activityDetection,2020-06-26T04:09:27+02:00,https://multimedia.agouti.eu/assets/81523d1f-f89f-4383-a805-ac5e1fdcefc7/file,true,20200811211210-RCNX0088.JPG,image/jpeg,,,
f4a5ec0f,577b543a,activityDetection,2020-06-26T04:09:28+02:00,https://multimedia.agouti.eu/assets/f4a5ec0f-9376-49a3-b001-be4f4348b86d/file,true,20200811211210-RCNX0089.JPG,image/jpeg,,,
5e8f4538,577b543a,activityDetection,2020-06-26T04:09:28+02:00,https://multimedia.agouti.eu/assets/5e8f4538-8f52-4cd5-84d0-db7e5b5ea192/file,true,20200811211210-RCNX0090.JPG,image/jpeg,,,
ee7f52c4,577b543a,activityDetection,2020-06-26T04:09:29+02:00,https://multimedia.agouti.eu/assets/ee7f52c4-d248-47bd-a2b0-2648f34c9b64/file,true,20200811211210-RCNX0091.JPG,image/jpeg,,,
825e9af1,577b543a,activityDetection,2020-06-26T04:09:30+02:00,https://multimedia.agouti.eu/assets/825e9af1-c160-4a75-864a-6ff014e05c6b/file,true,20200811211210-RCNX0092.JPG,image/jpeg,,,
2e611f13,577b543a,activityDetection,2020-06-26T04:09:30+02:00,https://multimedia.agouti.eu/assets/2e611f13-9519-4706-9843-49bbfec48c00/file,true,20200811211211-RCNX0093.JPG,image/jpeg,,,
e9c1a382,577b543a,activityDetection,2020-06-29T00:01:12+02:00,https://multimedia.agouti.eu/assets/e9c1a382-40f4-4f28-9bc0-ad5b48ca8ed3/file,true,20200811211211-RCNX0114.JPG,image/jpeg,,,
3e0b2565,577b543a,activityDetection,2020-06-29T00:01:13+02:00,https://multimedia.agouti.eu/assets/3e0b2565-5aea-4128-b990-a1c42249a45b/file,true,20200811211211-RCNX0115.JPG,image/jpeg,,,
58501b0d,577b543a,activityDetection,2020-06-29T00:01:13+02:00,https://multimedia.agouti.eu/assets/58501b0d-0c6f-47e3-9e4a-ed39f41cc213/file,true,20200811211211-RCNX0116.JPG,image/jpeg,,,
9bbdcb82,577b543a,activityDetection,2020-06-29T00:01:14+02:00,https://multimedia.agouti.eu/assets/9bbdcb82-0c79-4fb3-8132-c7b9f6120bd0/file,true,20200811211211-RCNX0117.JPG,image/jpeg,,,
9a4c6e25,577b543a,activityDetection,2020-06-29T00:01:15+02:00,https://multimedia.agouti.eu/assets/9a4c6e25-327d-481e-9060-c08b3848ed72/file,true,20200811211212-RCNX0118.JPG,image/jpeg,,,
eb72150b,577b543a,activityDetection,2020-06-29T00:01:15+02:00,https://multimedia.agouti.eu/assets/eb72150b-fa00-4987-b1d2-557f8d66e6fc/file,true,20200811211212-RCNX0119.JPG,image/jpeg,,,
9d18218f,577b543a,activityDetection,2020-06-29T00:01:16+02:00,https://multimedia.agouti.eu/assets/9d18218f-b4d1-4eb8-b9d2-b4b5adc265bd/file,true,20200811211212-RCNX0120.JPG,image/jpeg,,,
22d2744a,577b543a,activityDetection,2020-06-29T00:01:16+02:00,https://multimedia.agouti.eu/assets/22d2744a-f87b-4ee7-8037-9815f6a96c5e/file,true,20200811211212-RCNX0121.JPG,image/jpeg,,,
b1035c2c,577b543a,activityDetection,2020-06-29T00:01:17+02:00,https://multimedia.agouti.eu/assets/b1035c2c-7e19-4369-b4f1-11b5dc281269/file,true,20200811211212-RCNX0122.JPG,image/jpeg,,,
5549cb29,577b543a,activityDetection,2020-06-29T00:01:18+02:00,https://multimedia.agouti.eu/assets/5549cb29-d0a8-43c8-9e8f-34041658c907/file,true,20200811211213-RCNX0123.JPG,image/jpeg,,,
b1d97da9,577b543a,timeLapse,2020-06-29T01:00:00+02:00,https://multimedia.agouti.eu/assets/b1d97da9-9008-4a5b-a6a8-55a3cdc52c89/file,true,20200811211213-RCNX0124.JPG,image/jpeg,,,
66b353fe,577b543a,activityDetection,2020-06-29T01:33:16+02:00,https://multimedia.agouti.eu/assets/66b353fe-41a1-45ed-9854-fb842a610a13/file,true,20200811211213-RCNX0125.JPG,image/jpeg,,,
70e796b3,577b543a,activityDetection,2020-06-29T01:33:17+02:00,https://multimedia.agouti.eu/assets/70e796b3-2ab2-4e9d-8e52-65f1031deb0e/file,true,20200811211213-RCNX0126.JPG,image/jpeg,,,
920395a6,577b543a,activityDetection,2020-06-29T01:33:17+02:00,https://multimedia.agouti.eu/assets/920395a6-cfa6-4ec6-9eba-d0c3a0301b50/file,true,20200811211214-RCNX0127.JPG,image/jpeg,,,
00459931,577b543a,activityDetection,2020-06-29T01:33:18+02:00,https://multimedia.agouti.eu/assets/00459931-4c83-42fb-b73c-ef37fc95835b/file,true,20200811211214-RCNX0128.JPG,image/jpeg,,,
19e4aad1,577b543a,activityDetection,2020-06-29T01:33:19+02:00,https://multimedia.agouti.eu/assets/19e4aad1-dc43-4c15-b708-8b64ea6c1ca3/file,true,20200811211214-RCNX0129.JPG,image/jpeg,,,
98e3c269,577b543a,activityDetection,2020-06-29T01:33:19+02:00,https://multimedia.agouti.eu/assets/98e3c269-18b7-4cbe-98e5-aade1934fed9/file,true,20200811211214-RCNX0130.JPG,image/jpeg,,,
0369fc25,577b543a,activityDetection,2020-06-29T01:33:20+02:00,https://multimedia.agouti.eu/assets/0369fc25-6f1a-4137-9ee2-d33abde96275/file,true,20200811211214-RCNX0131.JPG,image/jpeg,,,
887f68b4,577b543a,activityDetection,2020-06-29T01:33:20+02:00,https://multimedia.agouti.eu/assets/887f68b4-4c47-4847-9547-a767e534c45e/file,true,20200811211215-RCNX0132.JPG,image/jpeg,,,
fd0b77ba,577b543a,activityDetection,2020-06-29T01:33:21+02:00,https://multimedia.agouti.eu/assets/fd0b77ba-7695-4174-915d-0a7b7c217fe7/file,true,20200811211215-RCNX0133.JPG,image/jpeg,,,
5ca80c6b,577b543a,activityDetection,2020-06-29T01:33:22+02:00,https://multimedia.agouti.eu/assets/5ca80c6b-6993-4974-8374-fd688d915e28/file,true,20200811211215-RCNX0134.JPG,image/jpeg,,,
fb58a2b9,62c200a9,activityDetection,2021-03-27T21:38:18+01:00,https://multimedia.agouti.eu/assets/fb58a2b9-dc35-4297-a194-a340b082c8e8/file,true,20210531082531-RCNX0001.JPG,image/jpeg,,,
0bb2566e,62c200a9,activityDetection,2021-03-27T21:38:18+01:00,https://multimedia.agouti.eu/assets/0bb2566e-a1b8-48d8-9c5b-3dbec3a7f832/file,true,20210531082531-RCNX0002.JPG,image/jpeg,,,
a6a7a04c,62c200a9,activityDetection,2021-03-27T21:38:19+01:00,https://multimedia.agouti.eu/assets/a6a7a04c-9eb8-46dd-b1a2-fa3f1eb9def5/file,true,20210531082531-RCNX0003.JPG,image/jpeg,,,
f47b05e6,62c200a9,activityDetection,2021-03-27T21:38:20+01:00,https://multimedia.agouti.eu/assets/f47b05e6-bbfb-4844-bd2d-004104cb7c08/file,true,20210531082531-RCNX0004.JPG,image/jpeg,,,
8c541e7b,62c200a9,activityDetection,2021-03-27T21:38:20+01:00,https://multimedia.agouti.eu/assets/8c541e7b-c1ce-4fa7-b6e2-6167ee336471/file,true,20210531082531-RCNX0005.JPG,image/jpeg,,,
e6c2cb72,62c200a9,activityDetection,2021-03-27T21:38:21+01:00,https://multimedia.agouti.eu/assets/e6c2cb72-2b65-4384-a428-e066ab5b0520/file,true,20210531082531-RCNX0006.JPG,image/jpeg,,,
3945bb1f,62c200a9,activityDetection,2021-03-27T21:38:21+01:00,https://multimedia.agouti.eu/assets/3945bb1f-5dd1-4df0-97a0-e7e1823a1531/file,true,20210531082532-RCNX0007.JPG,image/jpeg,,,
ad62d7b9,62c200a9,activityDetection,2021-03-27T21:38:22+01:00,https://multimedia.agouti.eu/assets/ad62d7b9-2c4e-4527-be9a-725ca5295bb2/file,true,20210531082532-RCNX0008.JPG,image/jpeg,,,
7b95c483,62c200a9,activityDetection,2021-03-27T21:38:23+01:00,https://multimedia.agouti.eu/assets/7b95c483-b427-4b32-96ab-eb478730e9b0/file,true,20210531082532-RCNX0009.JPG,image/jpeg,,,
f24826a2,62c200a9,activityDetection,2021-03-27T21:38:23+01:00,https://multimedia.agouti.eu/assets/f24826a2-dafa-408b-aa46-6629e847ff65/file,true,20210531082532-RCNX0010.JPG,image/jpeg,,,
6adcb0d3,62c200a9,activityDetection,2021-03-31T23:59:15+01:00,https://multimedia.agouti.eu/assets/6adcb0d3-daa3-4d24-8c1a-d870d1e8aed1/file,true,20210531082532-RCNX0011.JPG,image/jpeg,,,
6cfb86c2,62c200a9,activityDetection,2021-03-31T23:59:16+01:00,https://multimedia.agouti.eu/assets/6cfb86c2-fd44-4477-a5dd-88ed796fc4bd/file,true,20210531082533-RCNX0012.JPG,image/jpeg,,,
8bfed477,62c200a9,activityDetection,2021-03-31T23:59:16+01:00,https://multimedia.agouti.eu/assets/8bfed477-5656-499c-8ba2-7708d739df94/file,true,20210531082533-RCNX0013.JPG,image/jpeg,,,
ea08135b,62c200a9,activityDetection,2021-03-31T23:59:17+01:00,https://multimedia.agouti.eu/assets/ea08135b-7367-486d-848d-2e827fb5040a/file,true,20210531082533-RCNX0014.JPG,image/jpeg,,,
32e60a80,62c200a9,activityDetection,2021-03-31T23:59:18+01:00,https://multimedia.agouti.eu/assets/32e60a80-1ae5-4b23-99b3-053e562d8d1b/file,true,20210531082534-RCNX0015.JPG,image/jpeg,,,
c06b89ab,62c200a9,activityDetection,2021-03-31T23:59:18+01:00,https://multimedia.agouti.eu/assets/c06b89ab-58bd-4bba-9d71-760228ce49f3/file,true,20210531082534-RCNX0016.JPG,image/jpeg,,,
dbcdbe76,62c200a9,activityDetection,2021-03-31T23:59:19+01:00,https://multimedia.agouti.eu/assets/dbcdbe76-0ec8-457a-8512-07cc1a6d0f79/file,true,20210531082534-RCNX0017.JPG,image/jpeg,,,
4505f794,62c200a9,activityDetection,2021-03-31T23:59:19+01:00,https://multimedia.agouti.eu/assets/4505f794-4d90-4abb-a741-455d49f27fe5/file,true,20210531082534-RCNX0018.JPG,image/jpeg,,,
77168866,62c200a9,activityDetection,2021-03-31T23:59:20+01:00,https://multimedia.agouti.eu/assets/77168866-2a9a-457b-a983-34e8086015e9/file,true,20210531082535-RCNX0019.JPG,image/jpeg,,,
8076df58,62c200a9,activityDetection,2021-03-31T23:59:21+01:00,https://multimedia.agouti.eu/assets/8076df58-bec8-45e4-b4b5-8550ffc05aae/file,true,20210531082535-RCNX0020.JPG,image/jpeg,,,
0e98b93e,62c200a9,activityDetection,2021-04-05T20:08:33+01:00,https://multimedia.agouti.eu/assets/0e98b93e-6240-490e-b4db-31ea7b643953/file,true,20210531082535-RCNX0021.JPG,image/jpeg,,,
be8fe0df,62c200a9,activityDetection,2021-04-05T20:08:34+01:00,https://multimedia.agouti.eu/assets/be8fe0df-5551-44f3-b114-a8d8a5c3fc11/file,true,20210531082535-RCNX0022.JPG,image/jpeg,,,
13b58ff5,62c200a9,activityDetection,2021-04-05T20:08:34+01:00,https://multimedia.agouti.eu/assets/13b58ff5-7ed9-46d2-b3f8-e698600e931e/file,true,20210531082535-RCNX0023.JPG,image/jpeg,,,
d8427514,62c200a9,activityDetection,2021-04-05T20:08:35+01:00,https://multimedia.agouti.eu/assets/d8427514-a4cd-4787-8728-da4433ccc571/file,true,20210531082536-RCNX0024.JPG,image/jpeg,,,
2e2ae3f0,62c200a9,activityDetection,2021-04-05T20:08:35+01:00,https://multimedia.agouti.eu/assets/2e2ae3f0-9b98-4637-9e4d-bbdf8eee920c/file,true,20210531082536-RCNX0025.JPG,image/jpeg,,,
a552145d,62c200a9,activityDetection,2021-04-05T20:08:36+01:00,https://multimedia.agouti.eu/assets/a552145d-9949-4355-9523-02198a523437/file,true,20210531082536-RCNX0026.JPG,image/jpeg,,,
1bd866b3,62c200a9,activityDetection,2021-04-05T20:08:37+01:00,https://multimedia.agouti.eu/assets/1bd866b3-5c99-42c8-b4a0-75a547fd8760/file,true,20210531082537-RCNX0027.JPG,image/jpeg,,,
bf610120,62c200a9,activityDetection,2021-04-05T20:08:37+01:00,https://multimedia.agouti.eu/assets/bf610120-bc41-4c87-95ac-8c8849d203ce/file,true,20210531082537-RCNX0028.JPG,image/jpeg,,,
abcc45d4,62c200a9,activityDetection,2021-04-05T20:08:38+01:00,https://multimedia.agouti.eu/assets/abcc45d4-4314-449f-8dca-1732e134dfac/file,true,20210531082537-RCNX0029.JPG,image/jpeg,,,
1065da4b,62c200a9,activityDetection,2021-04-05T20:08:38+01:00,https://multimedia.agouti.eu/assets/1065da4b-2f09-48e8-9819-48fa045014a7/file,true,20210531082538-RCNX0030.JPG,image/jpeg,,,
7ab33b3a,62c200a9,activityDetection,2021-04-11T20:43:09+01:00,media/20210531082538-RCNX0031.JPG,true,20210531082538-RCNX0031.JPG,image/jpeg,,,
d9ef08ec,62c200a9,activityDetection,2021-04-11T20:43:10+01:00,media/20210531082538-RCNX0032.JPG,true,20210531082538-RCNX0032.JPG,image/jpeg,,,
aebe5b85,62c200a9,activityDetection,2021-04-11T20:43:10+01:00,media/20210531082539-RCNX0033.JPG,true,20210531082539-RCNX0033.JPG,image/jpeg,,,
e638613e,62c200a9,activityDetection,2021-04-11T20:43:11+01:00,media/20210531082539-RCNX0034.JPG,true,20210531082539-RCNX0034.JPG,image/jpeg,,,
c40a4854,62c200a9,activityDetection,2021-04-11T20:43:12+01:00,media/20210531082539-RCNX0035.JPG,true,20210531082539-RCNX0035.JPG,image/jpeg,,,
fd2f32cc,62c200a9,activityDetection,2021-04-11T20:43:12+01:00,media/20210531082540-RCNX0036.JPG,true,20210531082540-RCNX0036.JPG,image/jpeg,,,
b6a04f58,62c200a9,activityDetection,2021-04-11T20:43:13+01:00,media/20210531082540-RCNX0037.JPG,true,20210531082540-RCNX0037.JPG,image/jpeg,,,
9c58aea8,62c200a9,activityDetection,2021-04-11T20:43:13+01:00,media/20210531082540-RCNX0038.JPG,true,20210531082540-RCNX0038.JPG,image/jpeg,,,
ad03acb4,62c200a9,activityDetection,2021-04-11T20:43:14+01:00,media/20210531082540-RCNX0039.JPG,true,20210531082540-RCNX0039.JPG,image/jpeg,,,
3b185b03,62c200a9,activityDetection,2021-04-11T20:43:15+01:00,media/20210531082541-RCNX0040.JPG,true,20210531082541-RCNX0040.JPG,image/jpeg,,,
bfadfe88,62c200a9,activityDetection,2021-04-18T22:24:42+01:00,https://multimedia.agouti.eu/assets/bfadfe88-7495-4a32-bb73-3461a729bfd3/file,false,20210531082540-RCNX0041.JPG,image/jpeg,,,
275deb54,62c200a9,activityDetection,2021-04-18T22:24:44+01:00,https://multimedia.agouti.eu/assets/275deb54-9e6d-4298-b1d4-cf2042bb59bf/file,false,20210531082541-RCNX0042.JPG,image/jpeg,,,
570ecf96,62c200a9,activityDetection,2021-04-18T22:24:45+01:00,https://multimedia.agouti.eu/assets/570ecf96-a781-46b6-a6d4-b1ec9b066d9a/file,false,20210531082541-RCNX0043.JPG,image/jpeg,,,
ce438e1e,62c200a9,activityDetection,2021-04-18T22:24:46+01:00,https://multimedia.agouti.eu/assets/ce438e1e-1eb0-4c35-bb0a-7670b3fae086/file,false,20210531082541-RCNX0044.JPG,image/jpeg,,,
c4717648,62c200a9,activityDetection,2021-04-18T22:24:47+01:00,https://multimedia.agouti.eu/assets/c4717648-bc0c-4e32-942c-db71e7bc94a0/file,false,20210531082541-RCNX0045.JPG,image/jpeg,,,
c9d208de,62c200a9,activityDetection,2021-04-18T22:24:47+01:00,https://multimedia.agouti.eu/assets/c9d208de-fa16-485a-950f-7d18ae6e45dd/file,false,20210531082542-RCNX0046.JPG,image/jpeg,,,
b15c8801,62c200a9,activityDetection,2021-04-18T22:24:48+01:00,https://multimedia.agouti.eu/assets/b15c8801-41a5-4667-9bb6-2a8dccf786a1/file,false,20210531082543-RCNX0047.JPG,image/jpeg,,,
c1232e57,62c200a9,activityDetection,2021-04-18T22:24:48+01:00,https://multimedia.agouti.eu/assets/c1232e57-193d-4a70-99e9-b4623a1ec6e2/file,false,20210531082543-RCNX0048.JPG,image/jpeg,,,
318ff953,62c200a9,activityDetection,2021-04-18T22:24:49+01:00,https://multimedia.agouti.eu/assets/318ff953-68fc-4b20-afa1-407226fa7284/file,false,20210531082543-RCNX0049.JPG,image/jpeg,,,
aae72fb7,62c200a9,activityDetection,2021-04-18T22:24:50+01:00,https://multimedia.agouti.eu/assets/aae72fb7-1f97-429f-ab50-9f2c1ce881ea/file,false,20210531082543-RCNX0050.JPG,image/jpeg,,,
74191045,62c200a9,activityDetection,2021-04-18T22:24:52+01:00,https://multimedia.agouti.eu/assets/74191045-23a4-4a67-979f-152b105f3b8d/file,false,20210531082543-RCNX0051.JPG,image/jpeg,,,
ca438b6e,62c200a9,activityDetection,2021-04-18T22:24:53+01:00,https://multimedia.agouti.eu/assets/ca438b6e-4a8a-4562-96cb-78441aeff62a/file,false,20210531082544-RCNX0052.JPG,image/jpeg,,,
6553c759,62c200a9,activityDetection,2021-04-18T22:24:55+01:00,https://multimedia.agouti.eu/assets/6553c759-be10-429d-8350-3e3fc8eb68f2/file,false,20210531082544-RCNX0053.JPG,image/jpeg,,,
3cdc7150,62c200a9,activityDetection,2021-04-18T22:24:56+01:00,https://multimedia.agouti.eu/assets/3cdc7150-02f9-429b-9e3f-b1fa65f9637f/file,false,20210531082544-RCNX0054.JPG,image/jpeg,,,
6aa70e67,62c200a9,activityDetection,2021-04-18T22:24:56+01:00,https://multimedia.agouti.eu/assets/6aa70e67-03ac-42ee-b379-5be9a21d68b1/file,false,20210531082544-RCNX0055.JPG,image/jpeg,,,
040c2aee,62c200a9,activityDetection,2021-04-18T22:24:57+01:00,https://multimedia.agouti.eu/assets/040c2aee-b669-475f-ab19-8b2049484b02/file,false,20210531082544-RCNX0056.JPG,image/jpeg,,,
eb6d85bb,62c200a9,activityDetection,2021-04-18T22:24:58+01:00,https://multimedia.agouti.eu/assets/eb6d85bb-c17a-481e-be5c-554ce31c7713/file,false,20210531082545-RCNX0057.JPG,image/jpeg,,,
f77f9bf2,62c200a9,activityDetection,2021-04-18T22:24:59+01:00,https://multimedia.agouti.eu/assets/f77f9bf2-b7b1-4d0a-a4f9-dbf6dbe5fbb1/file,false,20210531082545-RCNX0058.JPG,image/jpeg,,,
813bafb2,62c200a9,activityDetection,2021-04-18T22:25:00+01:00,https://multimedia.agouti.eu/assets/813bafb2-befe-45fa-b0e3-080f1f019a70/file,false,20210531082545-RCNX0059.JPG,image/jpeg,,,
d8dcff7f,62c200a9,activityDetection,2021-04-18T22:25:00+01:00,https://multimedia.agouti.eu/assets/d8dcff7f-4b50-4ba7-a279-31194a7031b0/file,false,20210531082545-RCNX0060.JPG,image/jpeg,,,
